Project,Version,Class;wmc;dit;noc;cbo;rfc;lcom;ca;ce;npm;lcom3;loc;dam;moa;mfa;cam;ic;cbm;amc;nr;ndc;nml;isOld;ndpv;ner;bugs
xerces;1.4.4;org.apache.xerces.impl.xpath.regex.Match;12;1;0;3;22;0;3;1;6;0.530303;332;0.0;0;0.0;0.35;0;0;26.166666;1;1;222;0;0;-;1
xerces;1.4.4;org.apache.xerces.dom.DeferredElementDefinitionImpl;4;3;0;6;16;0;1;6;1;0.6666667;84;0.5;0;0.94;0.5;2;7;19.5;4;1;170;1;2;-;1
xerces;1.4.4;org.apache.xerces.xni.XMLDTDContentModelHandler;10;1;0;11;10;45;10;1;10;1.1111112;15;0.0;0;0.0;0.46666667;0;0;0.0;1;1;275;0;0;-;1
xerces;1.4.4;org.w3c.dom.Notation;2;1;0;0;2;1;0;0;2;2.0;2;0.0;0;0.0;1.0;0;0;0.0;0;0;-;1;0;-;0
xerces;1.4.4;javax.xml.parsers.FactoryFinder;6;1;0;0;36;15;0;0;0;0.93333334;304;0.33333334;0;0.0;0.33333334;0;0;49.166668;4;1;396;0;0;-;1
xerces;1.4.4;org.apache.xerces.impl.dv.dtd.StringDatatypeValidator;9;2;0;5;30;20;1;4;7;0.61538464;619;0.9230769;1;0.3;0.3015873;0;0;66.333336;1;1;399;0;0;-;1
xerces;1.4.4;org.apache.xerces.impl.dv.xs.QNameDatatypeValidator;7;3;0;9;21;15;2;7;4;0.6666667;97;1.0;1;0.8518519;0.3888889;2;4;12.714286;1;1;135;0;0;-;1
xerces;1.4.4;org.w3c.dom.html.HTMLDocument;19;1;0;0;19;171;0;0;19;2.0;19;0.0;0;0.0;0.4385965;0;0;0.0;0;0;-;1;0;-;0
xerces;1.4.4;org.apache.xerces.impl.XMLDocumentScannerImpl$TrailingMiscDispatcher;2;1;0;4;12;0;1;4;1;0.0;167;1.0;1;0.0;0.6666667;0;0;82.0;-;0;-;-;0;-;0
xerces;1.4.4;org.apache.xerces.xni.parser.XMLConfigurationException;4;5;0;19;5;0;18;1;4;0.8333333;34;0.5;0;0.9;0.6666667;0;0;6.5;1;1;151;0;0;-;1
xerces;1.4.4;org.w3c.dom.html.HTMLLIElement;4;1;0;0;4;6;0;0;4;2.0;4;0.0;0;0.0;0.5;0;0;0.0;0;0;-;1;0;-;0
xerces;1.4.4;org.apache.xerces.impl.xs.traversers.XSAttributeChecker;12;1;0;35;75;14;16;21;7;0.9657869;4202;0.5591398;19;0.0;0.20979021;0;0;341.41666;1;1;1725;0;0;-;13
xerces;1.4.4;org.apache.html.dom.HTMLFormElementImpl;18;4;0;3;25;153;0;3;18;0.9411765;102;1.0;1;0.8468468;0.4814815;0;0;4.611111;0;0;-;1;0;-;3
xerces;1.4.4;org.apache.xerces.jaxp.DocumentBuilderFactoryImpl;4;2;0;2;16;0;0;2;4;0.33333334;89;1.0;0;0.88461536;0.5833333;1;1;21.0;4;2;94;1;3;-;6
xerces;1.4.4;org.apache.xerces.impl.xs.identity.Field$XPath;1;2;0;7;7;0;3;4;1;2.0;26;0.0;0;1.0;1.0;0;0;25.0;-;0;-;-;0;-;0
xerces;1.4.4;org.apache.xerces.impl.dtd.models.ContentModelValidator;1;1;0;8;1;0;7;1;1;2.0;1;0.0;0;0.0;1.0;0;0;0.0;1;1;83;0;0;-;1
xerces;1.4.4;org.apache.xerces.impl.xs.SchemaGrammar;25;1;0;57;66;190;18;39;17;0.9015151;1159;0.4090909;14;0.0;0.13611111;0;0;44.48;4;2;503;0;0;-;18
xerces;1.4.4;org.apache.xerces.impl.xs.SchemaSymbols;2;1;0;26;5;1;25;1;1;1.5561798;500;0.0;1;0.0;1.0;0;0;160.0;1;1;374;0;0;-;2
xerces;1.4.4;org.apache.wml.dom.WMLAccessElementImpl;9;4;0;3;12;36;0;3;9;2.0;50;0.0;0;0.9111111;0.5555556;1;4;4.5555553;0;0;-;1;0;-;2
xerces;1.4.4;org.apache.xml.serialize.SieveEncodingInfo;3;2;0;3;12;1;1;2;3;0.0;159;0.0;1;0.75;0.8888889;0;0;51.0;0;0;-;1;0;-;0
xerces;1.4.4;org.apache.wml.WMLEmElement;2;1;0;2;2;1;1;1;2;2.0;2;0.0;0;0.0;0.75;0;0;0.0;0;0;-;1;0;-;1
xerces;1.4.4;org.apache.wml.WMLTableElement;8;1;0;2;8;28;1;1;8;2.0;8;0.0;0;0.0;0.5;0;0;0.0;0;0;-;1;0;-;1
xerces;1.4.4;org.apache.xerces.util.IntStack;8;1;0;2;14;0;2;0;7;0.35714287;144;1.0;0;0.0;0.625;0;0;16.75;1;1;153;0;0;-;1
xerces;1.4.4;org.xml.sax.helpers.XMLReaderAdapter;22;1;0;0;43;127;0;0;20;0.6984127;161;0.0;3;0.0;0.15034965;0;0;6.181818;0;0;-;1;0;-;0
xerces;1.4.4;org.xml.sax.helpers.ParserAdapter;30;1;0;0;88;177;0;0;24;0.8820327;887;0.7368421;9;0.0;0.12666667;0;0;27.933332;0;0;-;1;0;-;0
xerces;1.4.4;org.apache.xml.serialize.LineSeparator;1;1;0;0;2;0;0;0;1;2.0;8;0.0;0;0.0;1.0;0;0;3.0;0;0;-;1;0;-;2
xerces;1.4.4;org.w3c.dom.html.HTMLFontElement;6;1;0;0;6;15;0;0;6;2.0;6;0.0;0;0.0;0.75;0;0;0.0;0;0;-;1;0;-;0
xerces;1.4.4;org.apache.xml.serialize.OutputFormat$Defaults;1;1;0;0;2;0;0;0;1;2.0;7;0.0;0;0.0;1.0;0;0;3.0;-;0;-;-;0;-;0
xerces;1.4.4;org.apache.xerces.dom3.as.ASModel;20;1;0;13;20;190;5;9;20;2.0;20;0.0;0;0.0;0.3;0;0;0.0;1;1;234;0;0;-;1
xerces;1.4.4;org.apache.xerces.dom3.as.NodeEditAS;5;1;0;4;5;10;3;1;5;1.25;9;0.0;0;0.0;0.55;0;0;0.0;1;1;114;0;0;-;1
xerces;1.4.4;org.apache.xerces.impl.xs.models.CMBuilder;8;1;0;16;21;26;3;14;2;0.9285714;691;1.0;3;0.0;0.3125;0;0;84.875;3;2;560;0;0;-;9
xerces;1.4.4;org.apache.xerces.util.ErrorHandlerWrapper;9;1;0;7;28;16;2;5;7;0.375;110;1.0;1;0.0;0.37777779;0;0;11.111111;1;1;248;0;0;-;3
xerces;1.4.4;org.apache.xerces.impl.dv.xs.BooleanDatatypeValidator;8;2;0;11;28;24;2;9;6;0.71428573;248;1.0;0;0.6875;0.3265306;1;1;29.875;1;1;213;0;0;-;1
xerces;1.4.4;org.w3c.dom.Entity;3;1;0;0;3;3;0;0;3;2.0;3;0.0;0;0.0;1.0;0;0;0.0;2;2;90;1;2;-;1
xerces;1.4.4;org.w3c.dom.EntityReference;0;1;0;0;0;0;0;0;0;2.0;0;0.0;0;0.0;0.0;0;0;0.0;0;0;-;1;0;-;0
xerces;1.4.4;org.apache.xerces.dom.DeferredCommentImpl;3;4;0;4;7;0;1;4;1;0.75;33;0.5;0;0.9661017;0.5555556;2;7;9.333333;3;1;128;1;2;-;1
xerces;1.4.4;org.apache.html.dom.HTMLScriptElementImpl;15;4;0;2;30;105;0;2;15;2.0;126;0.0;0;0.8703704;0.4;0;0;7.4;0;0;-;1;0;-;2
xerces;1.4.4;org.apache.xerces.dom.AttrImpl;38;2;2;13;98;421;10;4;24;0.8175676;1100;0.75;1;0.556962;0.17417417;1;17;27.842106;7;1;381;1;0;-;16
xerces;1.4.4;org.w3c.dom.events.EventTarget;3;1;0;0;3;3;0;0;3;2.0;3;0.0;0;0.0;0.6666667;0;0;0.0;0;0;-;1;0;-;0
xerces;1.4.4;org.apache.xerces.xni.NamespaceContext;4;1;0;9;4;6;9;0;4;1.3333334;5;0.0;0;0.0;0.5;0;0;0.0;1;1;118;0;0;-;2
xerces;1.4.4;org.apache.html.dom.HTMLBaseFontElementImpl;7;4;0;2;11;21;0;2;7;2.0;43;0.0;0;0.94;0.5714286;0;0;5.142857;0;0;-;1;0;-;2
xerces;1.4.4;org.apache.xerces.impl.dv.xs.Base64BinaryDatatypeValidator;6;3;0;8;19;15;2;6;3;2.0;149;0.0;0;0.8518519;0.41666666;1;3;23.833334;1;1;143;0;0;-;1
xerces;1.4.4;org.apache.xerces.dom.DeepNodeListImpl;5;1;1;4;21;0;3;2;4;0.25;264;1.0;1;0.0;0.44;0;0;50.6;1;1;4;1;0;-;1
xerces;1.4.4;org.apache.html.dom.HTMLAppletElementImpl;23;4;0;2;26;253;0;2;23;2.0;127;0.0;0;0.8103448;0.5217391;0;0;4.521739;0;0;-;1;0;-;2
xerces;1.4.4;org.apache.xerces.dom.DeferredDocumentImpl;69;3;0;25;129;1784;15;24;50;0.8913044;3050;0.95652175;0;0.5714286;0.18171683;2;12;42.869564;16;4;2289;1;8;-;15
xerces;1.4.4;org.apache.xerces.dom3.as.ASElementDeclaration;16;1;0;7;16;120;2;5;16;1.0666667;20;0.0;0;0.0;0.1953125;0;0;0.0;1;1;149;0;0;-;1
xerces;1.4.4;org.apache.xerces.impl.xs.XMLSchemaException;4;3;0;6;5;2;6;0;4;0.33333334;31;0.0;0;0.8947368;0.5833333;0;0;6.25;2;2;123;0;0;-;1
xerces;1.4.4;org.apache.xerces.impl.xs.traversers.XSDNotationTraverser;2;2;0;9;14;1;1;9;0;2.0;109;0.0;0;0.90909094;0.5833333;1;1;53.5;1;1;141;0;0;-;8
xerces;1.4.4;org.apache.xerces.impl.dtd.XMLElementDecl;3;1;0;6;10;0;3;3;3;0.8;66;0.0;3;0.0;0.44444445;0;0;17.666666;1;1;138;0;0;-;1
xerces;1.4.4;org.apache.wml.WMLFieldsetElement;4;1;0;2;4;6;1;1;4;2.0;4;0.0;0;0.0;0.75;0;0;0.0;0;0;-;1;0;-;1
xerces;1.4.4;org.w3c.dom.Node;25;1;0;0;25;300;0;0;25;1.0416666;37;0.0;0;0.0;0.33;0;0;0.0;0;0;-;1;0;-;0
xerces;1.4.4;org.apache.xerces.impl.xs.util.XIntPool;3;1;0;2;5;1;1;1;2;1.0;41;1.0;1;0.0;0.75;0;0;12.0;1;1;79;0;0;-;1
xerces;1.4.4;org.xml.sax.HandlerBase;15;1;0;0;16;105;0;0;15;2.0;34;0.0;0;0.0;0.2857143;0;0;1.2666667;0;0;-;1;0;-;0
xerces;1.4.4;org.apache.wml.dom.WMLUElementImpl;7;4;0;3;10;21;0;3;7;2.0;39;0.0;0;0.9318182;0.5714286;1;6;4.571429;0;0;-;1;0;-;2
xerces;1.4.4;org.apache.xerces.impl.dtd.XMLContentSpec;10;1;0;3;13;25;3;1;10;0.9444444;139;0.0;0;0.0;0.35;1;1;11.1;1;1;329;0;0;-;1
xerces;1.4.4;org.w3c.dom.html.HTMLMetaElement;8;1;0;0;8;28;0;0;8;2.0;8;0.0;0;0.0;0.75;0;0;0.0;0;0;-;1;0;-;0
xerces;1.4.4;org.xml.sax.SAXException;6;3;5;0;10;0;0;0;6;0.0;54;1.0;0;0.85;0.5555556;1;2;7.8333335;0;0;-;1;0;-;0
xerces;1.4.4;org.apache.wml.WMLSetvarElement;4;1;0;2;4;6;1;1;4;2.0;4;0.0;0;0.0;0.75;0;0;0.0;0;0;-;1;0;-;1
xerces;1.4.4;org.apache.xerces.impl.xs.models.XSCMValidator;4;1;0;11;4;6;8;3;4;1.3333334;6;0.0;0;0.0;0.5625;0;0;0.0;2;2;117;0;0;-;3
xerces;1.4.4;org.apache.xerces.impl.xs.XMLSchemaValidator$OrderedHashtable$Entry;1;1;0;3;2;0;1;2;1;2.0;6;0.0;2;0.0;1.0;0;0;3.0;-;0;-;-;0;-;0
xerces;1.4.4;org.apache.xerces.impl.validation.ValidationContext;7;1;0;22;7;21;22;0;7;2.0;7;0.0;0;0.0;1.0;0;0;0.0;2;1;92;0;0;-;0
xerces;1.4.4;org.apache.wml.dom.WMLSelectElementImpl;21;4;0;3;28;210;0;3;21;2.0;118;0.0;0;0.8039216;0.31428573;1;7;4.6190476;0;0;-;1;0;-;2
xerces;1.4.4;org.xml.sax.helpers.AttributesImpl;26;1;0;0;40;0;0;0;24;0.08;763;0.0;0;0.0;0.52884614;0;0;28.26923;2;1;8;1;1;-;1
xerces;1.4.4;org.apache.xerces.impl.xpath.XPath$Scanner;6;1;1;6;16;7;2;4;2;1.0081632;1857;1.0;1;0.0;0.68;0;0;300.33334;-;0;-;-;0;-;0
xerces;1.4.4;org.apache.xerces.impl.xpath.regex.RegularExpression$Context;5;1;0;2;6;0;1;1;0;0.4722222;97;0.0;1;0.0;0.48;0;0;16.6;-;0;-;-;0;-;0
xerces;1.4.4;org.w3c.dom.ranges.DocumentRange;1;1;0;0;1;0;0;0;1;2.0;1;0.0;0;0.0;1.0;0;0;0.0;0;0;-;1;0;-;0
xerces;1.4.4;org.apache.xerces.parsers.CachingParserPool$SynchronizedSymbolTable;5;2;0;2;10;0;1;1;5;0.0;84;1.0;1;0.6;0.48;0;0;15.6;-;0;-;-;0;-;0
xerces;1.4.4;org.apache.xerces.impl.xs.traversers.XSDWildcardTraverser;4;2;0;12;16;4;3;11;0;2.0;138;0.0;0;0.7692308;0.5714286;1;2;33.5;1;1;210;0;0;-;4
xerces;1.4.4;org.w3c.dom.html.HTMLTableCaptionElement;2;1;0;0;2;1;0;0;2;2.0;2;0.0;0;0.0;0.75;0;0;0.0;0;0;-;1;0;-;0
xerces;1.4.4;org.apache.xerces.impl.xs.identity.Field$Matcher;2;2;0;8;7;0;1;8;1;0.0;44;1.0;2;0.9285714;0.5714286;1;2;20.0;-;0;-;-;0;-;0
xerces;1.4.4;org.apache.xerces.impl.validation.EntityState;2;1;0;3;2;1;3;0;2;2.0;2;0.0;0;0.0;1.0;0;0;0.0;1;1;84;0;0;-;1
xerces;1.4.4;org.xml.sax.helpers.DefaultHandler;18;1;1;0;19;153;0;0;18;2.0;40;0.0;0;0.0;0.2857143;0;0;1.2222222;0;0;-;1;0;-;0
xerces;1.4.4;org.apache.xerces.impl.xpath.regex.Op;24;1;6;10;39;234;7;9;0;1.0235507;268;0.0;1;0.0;0.19565217;0;0;9.166667;1;1;289;0;0;-;1
xerces;1.4.4;org.apache.xerces.dom.events.EventImpl;11;1;1;2;13;35;2;0;11;0.9;87;0.1;2;0.0;0.3939394;0;0;6.0;1;1;3;1;0;-;1
xerces;1.4.4;org.apache.xerces.impl.dv.xs.DateTimeDatatypeValidator;3;4;0;6;12;3;2;4;2;2.0;68;0.0;0;0.98571426;0.42857143;1;7;21.666666;2;1;124;0;0;-;1
xerces;1.4.4;org.apache.html.dom.HTMLStyleElementImpl;7;4;0;2;12;21;0;2;7;2.0;39;0.0;0;0.94;0.42857143;0;0;4.571429;0;0;-;1;0;-;2
xerces;1.4.4;org.apache.xerces.impl.dv.xs.MonthDatatypeValidator;5;4;0;6;22;10;2;4;2;2.0;263;0.0;0;0.9583333;0.37142858;1;9;51.6;1;1;189;0;0;-;1
xerces;1.4.4;org.w3c.dom.events.Event;10;1;0;0;10;45;0;0;10;1.1111112;13;0.0;0;0.0;0.4;0;0;0.0;0;0;-;1;0;-;0
xerces;1.4.4;org.apache.xerces.dom3.as.ASEntityDeclaration;8;1;0;2;8;28;1;1;8;1.1428572;10;0.0;0;0.0;0.5;0;0;0.0;1;1;78;0;0;-;1
xerces;1.4.4;org.apache.xerces.dom3.ls.DOMEntityResolver;1;1;0;2;1;0;1;1;1;2.0;1;0.0;0;0.0;1.0;0;0;0.0;1;1;72;0;0;-;0
xerces;1.4.4;org.apache.xerces.impl.xs.traversers.XSDocumentInfo;4;1;0;21;21;0;15;7;1;0.75757575;171;1.0;4;0.0;0.4375;0;0;39.0;1;1;158;0;0;-;5
xerces;1.4.4;org.apache.xerces.dom.NamedNodeMapImpl;22;1;1;8;49;41;6;2;9;0.8435374;596;0.85714287;1;0.0;0.22727273;0;0;25.772728;2;1;8;1;0;-;8
xerces;1.4.4;org.apache.xerces.impl.msg.ImplementationMessages;3;3;0;0;4;1;0;0;2;0.5;247;0.0;0;0.974359;1.0;0;0;81.0;1;1;100;0;0;-;0
xerces;1.4.4;org.w3c.dom.html.HTMLPreElement;2;1;0;0;2;1;0;0;2;2.0;2;0.0;0;0.0;0.75;0;0;0.0;0;0;-;1;0;-;0
xerces;1.4.4;org.apache.html.dom.HTMLBaseElementImpl;5;4;0;2;8;10;0;2;5;2.0;28;0.0;0;0.9591837;0.6;0;0;4.6;0;0;-;1;0;-;2
xerces;1.4.4;org.apache.html.dom.HTMLFieldSetElementImpl;1;4;0;3;2;0;0;3;1;2.0;6;0.0;0;1.0;1.0;0;0;5.0;0;0;-;1;0;-;2
xerces;1.4.4;org.apache.wml.WMLNoopElement;0;1;0;2;0;0;1;1;0;2.0;0;0.0;0;0.0;0.0;0;0;0.0;0;0;-;1;0;-;1
xerces;1.4.4;org.apache.xerces.impl.xs.XSComplexTypeDecl;10;1;0;15;20;19;10;6;9;0.90123457;310;0.11111111;5;0.0;0.4;0;0;28.2;2;2;193;0;0;-;10
xerces;1.4.4;org.xml.sax.ext.DeclHandler;4;1;0;0;4;6;0;0;4;2.0;4;0.0;0;0.0;1.0;0;0;0.0;0;0;-;1;0;-;0
xerces;1.4.4;org.apache.xerces.util.NamespaceSupport;10;1;1;8;18;0;6;3;10;0.46296296;332;1.0;0;0.0;0.3;0;0;31.6;2;2;449;0;0;-;5
xerces;1.4.4;org.apache.xerces.xni.parser.XMLErrorHandler;3;1;0;9;3;3;7;2;3;2.0;3;0.0;0;0.0;1.0;0;0;0.0;1;1;144;0;0;-;1
xerces;1.4.4;org.w3c.dom.html.HTMLAreaElement;16;1;0;0;16;120;0;0;16;2.0;16;0.0;0;0.0;0.375;0;0;0.0;0;0;-;1;0;-;0
xerces;1.4.4;org.w3c.dom.html.HTMLBodyElement;12;1;0;0;12;66;0;0;12;2.0;12;0.0;0;0.0;0.75;0;0;0.0;0;0;-;1;0;-;0
xerces;1.4.4;org.apache.xerces.dom.EntityImpl;14;4;1;4;19;79;3;2;14;0.94505495;133;0.85714287;0;0.8586956;0.39285713;2;6;8.0;3;2;83;1;1;-;7
xerces;1.4.4;org.apache.xerces.impl.xpath.XPath$1;2;2;0;5;11;1;1;5;0;1.0;95;1.0;1;0.8;0.6;1;1;46.0;-;0;-;-;0;-;0
xerces;1.4.4;org.apache.xml.serialize.OutputFormat$DTD;1;1;0;0;2;0;0;0;1;2.0;8;0.0;0;0.0;1.0;0;0;3.0;-;0;-;-;0;-;0
xerces;1.4.4;org.apache.xerces.dom.NodeListCache;1;1;0;3;2;0;2;2;0;2.0;18;0.0;3;0.0;1.0;0;0;12.0;1;1;86;0;0;-;3
xerces;1.4.4;org.apache.wml.dom.WMLNoopElementImpl;5;4;0;3;8;10;0;3;5;2.0;28;0.0;0;0.95348835;0.6;1;4;4.6;0;0;-;1;0;-;2
xerces;1.4.4;org.apache.xerces.impl.dv.dtd.InvalidDatatypeFacetException;4;4;0;10;7;6;10;0;4;2.0;21;0.0;0;1.0;0.6666667;0;0;4.25;1;1;108;0;0;-;0
xerces;1.4.4;org.apache.xerces.xni.parser.XMLParserConfiguration;19;1;0;20;19;171;11;9;19;2.0;19;0.0;0;0.0;0.1491228;0;0;0.0;2;2;294;0;0;-;1
xerces;1.4.4;org.apache.xerces.impl.XMLDocumentScannerImpl$XMLDeclDispatcher;2;1;0;8;18;0;1;8;1;0.0;105;1.0;1;0.0;0.6666667;0;0;51.0;-;0;-;-;0;-;0
xerces;1.4.4;org.apache.html.dom.HTMLParamElementImpl;9;4;0;2;13;36;0;2;9;2.0;52;0.0;0;0.92156863;0.5555556;1;1;4.7777777;0;0;-;1;0;-;2
xerces;1.4.4;org.apache.xerces.impl.dtd.XMLSimpleType;4;1;0;6;6;0;5;1;4;0.9649123;142;0.0;1;0.0;0.35714287;0;0;29.75;1;1;201;0;0;-;1
xerces;1.4.4;org.apache.xerces.impl.xpath.XPathException;2;3;0;6;4;1;6;0;2;2.0;9;0.0;0;1.0;0.75;0;0;3.5;1;1;84;0;0;-;1
xerces;1.4.4;org.apache.wml.WMLWmlElement;2;1;0;2;2;1;1;1;2;2.0;2;0.0;0;0.0;0.75;0;0;0.0;0;0;-;1;0;-;1
xerces;1.4.4;org.apache.html.dom.HTMLTableCaptionElementImpl;3;4;0;3;6;3;1;2;3;2.0;17;0.0;0;0.9791667;0.6666667;0;0;4.6666665;0;0;-;1;0;-;2
xerces;1.4.4;org.apache.html.dom.HTMLOptionElementImpl;15;4;0;3;38;105;1;2;15;2.0;195;0.0;0;0.8703704;0.32;1;1;12.0;0;0;-;1;0;-;2
xerces;1.4.4;org.xml.sax.Attributes;12;1;0;0;12;66;0;0;12;2.0;12;0.0;0;0.0;0.6388889;0;0;0.0;0;0;-;1;0;-;0
xerces;1.4.4;org.apache.xerces.impl.xpath.regex.Token;49;1;9;16;88;866;15;11;2;0.9969758;2101;0.3548387;20;0.0;0.1875;0;0;40.612244;1;1;1502;0;0;-;7
xerces;1.4.4;org.w3c.dom.html.HTMLAnchorElement;26;1;0;0;26;325;0;0;26;2.0;26;0.0;0;0.0;0.4871795;0;0;0.0;0;0;-;1;0;-;0
xerces;1.4.4;org.apache.xerces.impl.msg.DatatypeMessages;3;3;0;0;4;1;0;0;2;0.5;247;0.0;0;0.974359;1.0;0;0;81.0;1;1;97;0;0;-;0
xerces;1.4.4;org.apache.xerces.impl.XMLEntityManager$InternalEntity;7;2;0;2;11;9;1;1;7;0.33333334;45;0.0;0;0.44444445;0.35714287;1;1;5.285714;-;0;-;-;0;-;0
xerces;1.4.4;org.apache.xerces.impl.dv.dtd.ENTITYDatatypeValidator;10;2;0;9;24;37;2;7;9;0.7407407;123;1.0;3;0.27272728;0.3;0;0;11.0;1;1;216;0;0;-;1
xerces;1.4.4;org.apache.xerces.impl.XMLEntityScanner;15;1;1;16;16;105;13;3;15;2.0;18;0.0;0;0.0;0.32;0;0;0.2;1;1;340;0;0;-;7
xerces;1.4.4;org.apache.wml.dom.WMLWmlElementImpl;7;4;0;3;10;21;0;3;7;2.0;39;0.0;0;0.9318182;0.5714286;1;6;4.571429;0;0;-;1;0;-;2
xerces;1.4.4;org.apache.xerces.dom3.ls.DOMBuilder;12;1;0;6;12;66;2;4;12;1.0909091;16;0.0;0;0.0;0.23148148;0;0;0.0;1;1;504;0;0;-;0
xerces;1.4.4;org.xml.sax.ErrorHandler;3;1;0;0;3;3;0;0;3;2.0;3;0.0;0;0.0;1.0;0;0;0.0;0;0;-;1;0;-;0
xerces;1.4.4;org.apache.xerces.impl.Constants;8;1;0;1;14;0;0;1;5;1.0952381;318;0.09803922;0;0.0;0.14285715;0;0;32.375;4;3;441;0;0;-;16
xerces;1.4.4;org.w3c.dom.ranges.RangeException;1;4;1;0;2;0;0;0;1;2.0;11;0.0;0;1.0;1.0;0;0;7.0;0;0;-;1;0;-;0
xerces;1.4.4;org.apache.html.dom.HTMLIFrameElementImpl;21;4;0;2;25;210;0;2;21;2.0;120;0.0;0;0.8245614;0.52380955;0;0;4.714286;0;0;-;1;0;-;3
xerces;1.4.4;org.apache.xerces.impl.dv.xs.DoubleDatatypeValidator;20;4;0;11;41;152;2;9;3;2.0;458;0.0;0;0.64;0.21363637;2;11;21.9;1;1;298;0;0;-;1
xerces;1.4.4;org.apache.xerces.impl.xpath.regex.Token$ConditionToken;4;2;0;3;11;0;3;1;1;0.41666666;133;0.0;3;0.94;0.6666667;1;7;31.25;-;0;-;-;0;-;0
xerces;1.4.4;org.apache.wml.WMLDoElement;10;1;0;2;10;45;1;1;10;2.0;10;0.0;0;0.0;0.75;0;0;0.0;0;0;-;1;0;-;1
xerces;1.4.4;org.apache.xerces.impl.XMLEntityManager;31;1;0;28;98;301;9;22;24;0.9494253;1373;0.9655172;6;0.0;0.16969697;0;0;42.35484;9;4;3588;0;0;-;40
xerces;1.4.4;org.apache.xerces.xni.XNIException;4;4;2;48;6;0;48;0;4;0.33333334;27;1.0;0;0.9444444;0.6666667;0;0;5.5;1;1;127;0;0;-;2
xerces;1.4.4;org.apache.xerces.impl.dv.xs.YearMonthDatatypeValidator;3;4;0;6;11;3;2;4;2;2.0;57;0.0;0;0.98571426;0.42857143;1;7;18.0;1;1;121;0;0;-;1
xerces;1.4.4;org.apache.xerces.impl.xs.models.XSCMLeaf;9;2;0;5;19;0;2;3;4;0.375;107;1.0;1;0.53333336;0.41666666;1;2;10.666667;2;2;215;0;0;-;4
xerces;1.4.4;org.apache.xerces.dom3.DOMErrorHandler;1;1;0;3;1;0;2;1;1;2.0;1;0.0;0;0.0;1.0;0;0;0.0;1;1;39;0;0;-;5
xerces;1.4.4;org.xml.sax.XMLFilter;2;1;0;0;2;1;0;0;2;2.0;2;0.0;0;0.0;0.75;0;0;0.0;0;0;-;1;0;-;0
xerces;1.4.4;org.apache.xml.serialize.Printer;18;1;1;6;28;25;5;1;18;0.64705884;390;1.0;1;0.0;0.17901234;0;0;20.222221;3;2;89;1;0;-;3
xerces;1.4.4;org.apache.xerces.impl.xs.SubstitutionGroupHandler;8;1;0;13;22;12;7;6;6;0.7619048;313;0.33333334;2;0.0;0.35714287;0;0;37.75;3;2;316;0;0;-;8
xerces;1.4.4;org.apache.xerces.dom3.ls.DOMImplementationLS;3;1;0;3;3;3;0;3;3;1.5;5;0.0;0;0.0;0.6666667;0;0;0.0;1;1;77;0;0;-;0
xerces;1.4.4;org.apache.xerces.impl.xpath.regex.BMPattern;8;1;0;1;14;0;1;0;5;0.14285715;574;0.0;0;0.0;0.5208333;0;0;70.375;1;1;271;0;0;-;1
xerces;1.4.4;org.apache.xerces.dom.DocumentTypeImpl;15;4;1;10;27;57;7;4;14;0.8214286;200;0.875;3;0.8586956;0.38333333;2;9;11.8;2;1;15;1;0;-;8
xerces;1.4.4;org.w3c.dom.html.HTMLObjectElement;35;1;0;0;35;595;0;0;35;2.0;35;0.0;0;0.0;0.37142858;0;0;0.0;0;0;-;1;0;-;0
xerces;1.4.4;org.apache.xerces.dom.DeferredAttrNSImpl;4;4;0;5;18;0;1;5;1;0.6666667;123;0.5;0;0.95522386;0.5;4;9;29.25;8;3;203;1;3;-;2
xerces;1.4.4;org.xml.sax.helpers.ParserFactory;3;1;0;0;8;3;0;0;2;2.0;25;0.0;0;0.0;0.33333334;0;0;7.3333335;0;0;-;1;0;-;1
xerces;1.4.4;org.apache.xerces.dom.CDATASectionImpl;3;4;1;3;4;3;2;2;3;1.5;13;0.0;0;0.9677419;0.5555556;1;4;3.0;2;1;5;1;0;-;1
xerces;1.4.4;org.apache.xerces.impl.dv.xs.YearDatatypeValidator;4;4;0;6;18;6;2;4;2;2.0;110;0.0;0;0.97183096;0.39285713;1;10;26.5;1;1;148;0;0;-;1
xerces;1.4.4;org.apache.xml.serialize.EncodingInfo;5;1;1;4;8;4;4;0;5;0.5;56;0.0;0;0.0;0.55;0;0;9.6;0;0;-;1;0;-;5
xerces;1.4.4;org.apache.html.dom.HTMLCollectionImpl;9;1;0;9;22;18;7;2;3;1.0288461;366;0.15384616;1;0.0;0.31746033;0;0;38.22222;0;0;-;1;0;-;2
xerces;1.4.4;org.w3c.dom.NodeList;2;1;0;0;2;1;0;0;2;2.0;2;0.0;0;0.0;0.75;0;0;0.0;0;0;-;1;0;-;0
xerces;1.4.4;org.apache.xerces.impl.dv.xs.HexBinaryDatatypeValidator;7;3;0;9;20;21;2;7;4;2.0;194;0.0;0;0.8214286;0.3809524;2;6;26.714285;1;1;159;0;0;-;1
xerces;1.4.4;org.apache.xerces.impl.validation.GrammarPool;9;1;2;10;16;0;9;1;9;0.5;86;1.0;0;0.0;0.7037037;0;0;8.333333;2;2;184;0;0;-;2
xerces;1.4.4;org.apache.xerces.impl.xs.XSAttributeUse;1;1;0;8;2;0;7;1;1;2.0;20;0.0;1;0.0;1.0;0;0;15.0;1;1;78;0;0;-;0
xerces;1.4.4;org.apache.xerces.dom3.as.DocumentAS;10;1;0;4;10;45;0;4;10;2.0;10;0.0;0;0.0;0.5;0;0;0.0;1;1;115;0;0;-;1
xerces;1.4.4;org.apache.xerces.impl.XMLDocumentScannerImpl$PrologDispatcher;2;1;0;5;15;0;1;5;1;0.0;263;1.0;1;0.0;0.6666667;0;0;130.0;-;0;-;-;0;-;0
xerces;1.4.4;org.apache.wml.WMLAnchorElement;4;1;0;2;4;6;1;1;4;2.0;4;0.0;0;0.0;0.75;0;0;0.0;0;0;-;1;0;-;1
xerces;1.4.4;org.apache.xerces.impl.xpath.XPath$Axis;4;1;0;5;5;0;5;0;3;1.0666667;40;0.0;0;0.0;0.5;0;0;7.75;-;0;-;-;0;-;0
xerces;1.4.4;org.apache.xerces.parsers.CachingParserPool$ShadowedSymbolTable;5;2;0;2;12;0;1;1;5;0.0;58;1.0;1;0.6;0.48;1;4;10.4;-;0;-;-;0;-;0
xerces;1.4.4;org.apache.xerces.util.SymbolTable$Entry;2;1;0;1;8;0;1;0;2;0.0;54;0.0;1;0.0;0.7;0;0;24.5;-;0;-;-;0;-;0
xerces;1.4.4;org.w3c.dom.DocumentFragment;0;1;0;0;0;0;0;0;0;2.0;0;0.0;0;0.0;0.0;0;0;0.0;0;0;-;1;0;-;0
xerces;1.4.4;org.apache.xerces.dom.CharacterDataImpl$1;3;1;0;1;4;3;1;0;2;2.0;10;0.0;0;0.0;0.6666667;0;0;2.3333333;-;0;-;-;0;-;0
xerces;1.4.4;org.apache.html.dom.HTMLHeadingElementImpl;3;4;0;2;6;3;0;2;3;2.0;17;0.0;0;0.9791667;0.6666667;0;0;4.6666665;0;0;-;1;0;-;2
xerces;1.4.4;org.apache.wml.WMLDocument;0;1;0;1;0;0;1;0;0;2.0;0;0.0;0;0.0;0.0;0;0;0.0;0;0;-;1;0;-;1
xerces;1.4.4;org.apache.xerces.dom.DocumentImpl$EnclosingAttr;1;1;0;2;2;0;1;2;0;2.0;10;0.33333334;2;0.0;1.0;0;0;6.0;-;0;-;-;0;-;0
xerces;1.4.4;org.apache.xerces.impl.dtd.Grammar$1;0;1;0;2;0;0;2;0;0;2.0;0;0.0;0;0.0;0.0;0;0;0.0;-;0;-;-;0;-;0
xerces;1.4.4;org.apache.wml.dom.WMLBrElementImpl;7;4;0;3;10;21;0;3;7;2.0;39;0.0;0;0.9318182;0.5714286;1;6;4.571429;0;0;-;1;0;-;2
xerces;1.4.4;org.apache.wml.WMLAElement;8;1;0;2;8;28;1;1;8;2.0;8;0.0;0;0.0;0.75;0;0;0.0;0;0;-;1;0;-;1
xerces;1.4.4;org.apache.xerces.impl.xpath.regex.Op$CharOp;2;2;0;2;3;0;2;1;0;0.0;13;0.0;0;0.95652175;0.75;0;0;5.0;-;0;-;-;0;-;0
xerces;1.4.4;org.apache.xml.serialize.HTMLdtd;19;1;0;1;46;149;1;0;11;0.984127;713;0.7619048;0;0.0;0.23333333;0;0;35.42105;2;1;130;1;0;-;3
xerces;1.4.4;org.w3c.dom.html.HTMLIFrameElement;20;1;0;0;20;190;0;0;20;2.0;20;0.0;0;0.0;0.75;0;0;0.0;0;0;-;1;0;-;0
xerces;1.4.4;org.apache.xerces.impl.xs.identity.Selector$XPath;1;2;0;10;8;0;3;7;1;2.0;62;0.0;0;1.0;1.0;0;0;61.0;-;0;-;-;0;-;0
xerces;1.4.4;org.apache.xerces.parsers.StandardParserConfiguration;20;3;1;31;61;174;4;27;8;0.9530075;617;1.0;10;0.61904764;0.2;3;5;28.45;6;4;845;0;0;-;7
xerces;1.4.4;org.apache.xml.serialize.SieveEncodingInfo$BAOutputStream;3;3;0;1;5;3;1;0;0;2.0;13;0.0;0;0.9375;0.6666667;0;0;3.3333333;-;0;-;-;0;-;0
xerces;1.4.4;org.xml.sax.DocumentHandler;8;1;0;0;8;28;0;0;8;2.0;8;0.0;0;0.0;0.35416666;0;0;0.0;0;0;-;1;0;-;0
xerces;1.4.4;org.apache.xerces.impl.xpath.regex.Op$StringOp;2;2;0;2;3;0;2;1;0;0.0;13;0.0;0;0.95652175;0.6666667;0;0;5.0;-;0;-;-;0;-;0
xerces;1.4.4;org.apache.xerces.impl.msg.ExceptionMessagesLocalizer;2;1;0;0;17;1;0;0;2;2.0;103;0.0;0;0.0;0.5;0;0;50.0;1;1;111;0;0;-;0
xerces;1.4.4;org.apache.wml.dom.WMLPrevElementImpl;5;4;0;3;8;10;0;3;5;2.0;28;0.0;0;0.95348835;0.6;1;4;4.6;0;0;-;1;0;-;2
xerces;1.4.4;org.apache.xerces.impl.xpath.regex.RegularExpression;53;1;0;32;143;1146;13;20;20;0.90617716;6643;0.09090909;6;0.0;0.1923077;1;1;123.71698;1;1;3191;0;0;-;6
xerces;1.4.4;org.apache.xerces.impl.xs.traversers.XSDAttributeTraverser;6;2;0;18;33;11;2;18;1;2.0;612;0.0;0;0.6666667;0.35;1;2;101.0;3;2;433;0;0;-;8
xerces;1.4.4;org.apache.xerces.impl.msg.XMLMessageFormatter;2;1;0;2;14;0;1;1;2;1.0;124;0.5;0;0.0;0.625;0;0;59.0;2;2;179;0;0;-;1
xerces;1.4.4;org.w3c.dom.html.HTMLHRElement;8;1;0;0;8;28;0;0;8;2.0;8;0.0;0;0.0;0.5;0;0;0.0;0;0;-;1;0;-;0
xerces;1.4.4;org.apache.xerces.dom.ProcessingInstructionImpl;6;3;1;4;10;9;3;2;6;0.9;46;0.5;0;0.91525424;0.5;1;5;6.3333335;2;1;5;1;0;-;3
xerces;1.4.4;org.apache.xerces.dom.DeferredProcessingInstructionImpl;3;3;0;4;8;0;1;4;1;0.75;40;0.5;0;0.9607843;0.5555556;2;7;11.666667;3;1;132;1;2;-;2
xerces;1.4.4;org.w3c.dom.html.HTMLLinkElement;18;1;0;0;18;153;0;0;18;2.0;18;0.0;0;0.0;0.5;0;0;0.0;0;0;-;1;0;-;0
xerces;1.4.4;org.apache.wml.WMLPrevElement;0;1;0;2;0;0;1;1;0;2.0;0;0.0;0;0.0;0.0;0;0;0.0;0;0;-;1;0;-;1
xerces;1.4.4;org.w3c.dom.html.HTMLParagraphElement;2;1;0;0;2;1;0;0;2;2.0;2;0.0;0;0.0;0.75;0;0;0.0;0;0;-;1;0;-;0
xerces;1.4.4;org.apache.xerces.impl.xs.XMLSchemaValidator$KeyRefValueStore;3;2;0;9;15;1;1;9;3;0.5;100;1.0;2;0.85714287;0.5;1;2;31.666666;-;0;-;-;0;-;0
xerces;1.4.4;org.apache.xerces.impl.xpath.regex.Op$RangeOp;2;2;0;4;3;0;2;3;0;0.0;14;0.0;1;0.95652175;0.6666667;0;0;5.5;-;0;-;-;0;-;0
xerces;1.4.4;org.w3c.dom.html.HTMLFrameElement;16;1;0;0;16;120;0;0;16;2.0;16;0.0;0;0.0;0.5;0;0;0.0;0;0;-;1;0;-;0
xerces;1.4.4;org.apache.xerces.dom.RangeImpl;55;1;0;3;99;473;1;3;26;0.7989418;2660;0.0;7;0.0;0.24646464;0;0;47.109093;1;1;8;1;0;-;10
xerces;1.4.4;org.apache.xerces.util.EntityResolverWrapper;5;1;0;5;18;4;2;3;5;0.25;82;1.0;1;0.0;0.53333336;0;0;15.2;1;1;171;0;0;-;1
xerces;1.4.4;org.xml.sax.XMLReader;14;1;0;0;14;91;0;0;14;2.0;14;0.0;0;0.0;0.20634921;0;0;0.0;0;0;-;1;0;-;0
xerces;1.4.4;org.apache.wml.dom.WMLElementImpl;11;3;35;39;20;55;36;4;7;2.0;93;0.0;0;0.8780488;0.43636364;2;3;7.4545455;0;0;-;1;0;-;2
xerces;1.4.4;org.w3c.dom.DOMImplementation;3;1;0;0;3;3;0;0;3;2.0;3;0.0;0;0.0;0.7777778;0;0;0.0;0;0;-;1;0;-;0
xerces;1.4.4;org.w3c.dom.html.HTMLAppletElement;22;1;0;0;22;231;0;0;22;2.0;22;0.0;0;0.0;0.75;0;0;0.0;0;0;-;1;0;-;0
xerces;1.4.4;org.apache.xerces.parsers.DTDParser;29;3;0;9;30;406;0;9;29;1.0357143;63;1.0;1;0.06666667;0.26600984;0;0;1.137931;3;3;507;0;0;-;2
xerces;1.4.4;org.apache.xerces.dom3.DOMError;4;1;0;3;4;6;2;1;4;1.3333334;7;0.0;0;0.0;1.0;0;0;0.0;1;1;60;0;0;-;5
xerces;1.4.4;org.apache.xerces.impl.dv.xs.StateMessageDatatype;3;1;0;0;3;3;0;0;3;2.0;3;0.0;0;0.0;0.6666667;0;0;0.0;1;1;65;0;0;-;1
xerces;1.4.4;org.apache.xerces.dom3.as.ASNotationDeclaration;4;1;0;2;4;6;1;1;4;2.0;4;0.0;0;0.0;0.75;0;0;0.0;1;1;43;0;0;-;1
xerces;1.4.4;org.apache.xerces.impl.dv.dtd.IDDatatypeValidator;13;2;0;10;29;68;3;7;10;0.8833333;134;1.0;2;0.21428572;0.21367522;0;0;8.923077;1;1;285;0;0;-;1
xerces;1.4.4;org.w3c.dom.html.HTMLHeadElement;2;1;0;0;2;1;0;0;2;2.0;2;0.0;0;0.0;0.75;0;0;0.0;0;0;-;1;0;-;0
xerces;1.4.4;org.apache.xerces.impl.dtd.models.CMNode;9;1;7;12;11;20;11;1;6;0.825;77;1.0;3;0.0;0.5185185;0;0;7.0;1;1;167;0;0;-;2
xerces;1.4.4;org.apache.xerces.impl.xs.traversers.XSDAbstractIDConstraintTraverser;2;2;2;17;20;1;2;15;1;2.0;269;0.0;0;0.90909094;0.5714286;0;0;133.5;1;1;209;0;0;-;2
xerces;1.4.4;org.apache.xerces.impl.xpath.regex.Op$ConditionOp;1;2;0;2;2;0;2;1;0;2.0;21;0.0;3;1.0;1.0;0;0;16.0;-;0;-;-;0;-;0
xerces;1.4.4;org.apache.xerces.impl.xs.models.XSSimpleCM;6;1;0;7;12;0;1;6;6;0.76666665;246;1.0;2;0.0;0.41666666;0;0;39.0;2;2;309;0;0;-;1
xerces;1.4.4;org.apache.xml.serialize.TextSerializer;17;2;0;5;37;128;1;4;11;2.0;287;0.0;0;0.7777778;0.21764706;1;12;15.882353;3;2;147;1;0;-;2
xerces;1.4.4;org.w3c.dom.DocumentType;6;1;0;0;6;15;0;0;6;2.0;6;0.0;0;0.0;1.0;0;0;0.0;0;0;-;1;0;-;0
xerces;1.4.4;org.apache.wml.WMLBigElement;2;1;0;2;2;1;1;1;2;2.0;2;0.0;0;0.0;0.75;0;0;0.0;0;0;-;1;0;-;1
xerces;1.4.4;org.xml.sax.helpers.LocatorImpl;10;1;0;0;15;37;0;0;10;0.7777778;64;1.0;0;0.0;0.375;0;0;5.0;0;0;-;1;0;-;0
xerces;1.4.4;org.apache.xerces.util.MessageFormatter;1;1;0;7;1;0;7;0;1;2.0;1;0.0;0;0.0;1.0;0;0;0.0;1;1;99;0;0;-;1
xerces;1.4.4;org.apache.xerces.dom.AttrNSImpl;6;3;1;4;21;3;3;2;4;0.96;255;0.4;0;0.9375;0.6111111;3;3;40.666668;3;2;33;1;1;-;14
xerces;1.4.4;org.apache.xerces.xni.parser.XMLComponent;5;1;0;13;5;10;11;2;5;2.0;5;0.0;0;0.0;0.4;0;0;0.0;1;1;143;0;0;-;2
xerces;1.4.4;org.apache.xerces.impl.dv.xs.AbstractDatatypeValidator;12;1;6;14;18;50;8;6;11;0.93636364;98;0.9;4;0.0;0.25;0;0;6.3333335;1;1;157;0;0;-;1
xerces;1.4.4;org.apache.wml.dom.WMLDocumentImpl;4;3;0;39;23;4;37;3;2;0.982906;580;0.051282052;0;0.9777778;0.5555556;1;1;134.25;0;0;-;1;0;-;2
xerces;1.4.4;org.apache.xerces.impl.xs.XSParticleDecl;10;1;0;16;17;0;16;0;5;0.8074074;350;0.06666667;0;0.0;0.55;0;0;32.5;1;1;246;0;0;-;7
xerces;1.4.4;org.xml.sax.SAXParseException;9;4;0;0;15;28;0;0;8;0.375;106;1.0;0;0.8;0.46666667;0;0;10.333333;0;0;-;1;0;-;0
xerces;1.4.4;org.apache.html.dom.HTMLQuoteElementImpl;3;4;0;2;6;3;0;2;3;2.0;17;0.0;0;0.9791667;0.6666667;0;0;4.6666665;0;0;-;1;0;-;2
xerces;1.4.4;org.apache.xerces.impl.msg.ExceptionMessages;3;3;0;0;4;1;0;0;2;0.5;923;0.0;0;0.974359;1.0;0;0;306.33334;1;1;174;0;0;-;0
xerces;1.4.4;org.apache.xerces.impl.dtd.models.DFAContentModel;8;1;0;9;49;2;1;8;2;0.7669173;1134;1.0;5;0.0;0.51428574;0;0;138.375;1;1;1061;0;0;-;3
xerces;1.4.4;org.xml.sax.helpers.AttributeListImpl;12;1;0;0;24;0;0;0;12;0.3030303;178;0.0;0;0.0;0.4375;0;0;13.583333;0;0;-;1;0;-;0
xerces;1.4.4;org.apache.html.dom.HTMLUListElementImpl;5;4;0;2;10;10;0;2;5;2.0;28;0.0;0;0.9591837;0.45;0;0;4.6;0;0;-;1;0;-;2
xerces;1.4.4;org.apache.html.dom.HTMLOptGroupElementImpl;5;4;0;2;11;10;0;2;5;2.0;30;0.0;0;0.9591837;0.45;0;0;5.0;0;0;-;1;0;-;2
xerces;1.4.4;org.apache.html.dom.HTMLFormControl;0;1;0;8;0;0;8;0;0;2.0;0;0.0;0;0.0;0.0;0;0;0.0;0;0;-;1;0;-;1
xerces;1.4.4;org.apache.xml.serialize.DOMSerializer;3;1;0;2;3;3;2;0;3;2.0;3;0.0;0;0.0;0.5;0;0;0.0;0;0;-;1;0;-;2
xerces;1.4.4;org.apache.xerces.dom.ElementDefinitionImpl;5;4;1;7;13;2;4;4;5;0.8333333;52;0.6666667;1;0.9518072;0.4;2;6;8.8;2;1;5;1;0;-;1
xerces;1.4.4;org.apache.xerces.impl.xpath.XPath$LocationPath;4;1;0;5;11;0;3;2;3;0.0;92;0.0;1;0.0;0.5;0;0;21.75;-;0;-;-;0;-;0
xerces;1.4.4;org.apache.wml.WMLSmallElement;2;1;0;2;2;1;1;1;2;2.0;2;0.0;0;0.0;0.75;0;0;0.0;0;0;-;1;0;-;1
xerces;1.4.4;org.apache.xerces.impl.xpath.regex.RangeToken;18;2;0;6;35;0;6;1;1;0.6806723;2128;0.14285715;1;0.734375;0.3611111;1;7;116.833336;1;1;651;0;0;-;5
xerces;1.4.4;org.apache.xerces.impl.xpath.regex.Token$FixedStringContainer;1;1;0;2;2;0;2;1;0;2.0;12;0.0;1;0.0;1.0;0;0;9.0;-;0;-;-;0;-;0
xerces;1.4.4;org.apache.xerces.dom3.DOMLocator;5;1;0;1;5;10;1;0;5;2.0;5;0.0;0;0.0;1.0;0;0;0.0;1;1;53;0;0;-;6
xerces;1.4.4;org.apache.xerces.impl.dv.dtd.DatatypeValidatorFactoryImpl;9;1;0;13;38;10;2;11;5;0.76785713;309;0.5714286;0;0.0;0.2857143;0;0;32.555557;1;1;581;0;0;-;0
xerces;1.4.4;org.xml.sax.helpers.XMLFilterImpl;36;1;0;0;69;246;0;0;35;0.8047619;436;1.0;6;0.0;0.12592593;0;0;10.944445;0;0;-;1;0;-;0
xerces;1.4.4;org.apache.wml.WMLTimerElement;4;1;0;2;4;6;1;1;4;2.0;4;0.0;0;0.0;0.75;0;0;0.0;0;0;-;1;0;-;1
xerces;1.4.4;org.apache.wml.WMLBrElement;2;1;0;2;2;1;1;1;2;2.0;2;0.0;0;0.0;0.75;0;0;0.0;0;0;-;1;0;-;1
xerces;1.4.4;org.w3c.dom.html.HTMLDirectoryElement;2;1;0;0;2;1;0;0;2;2.0;2;0.0;0;0.0;0.75;0;0;0.0;0;0;-;1;0;-;0
xerces;1.4.4;org.apache.xerces.impl.io.ASCIIReader;10;2;0;1;19;0;1;0;10;0.6666667;112;0.6666667;0;0.5555556;0.34;1;2;9.9;1;1;251;0;0;-;2
xerces;1.4.4;javax.xml.parsers.FactoryFinder$ConfigurationError;2;3;0;0;3;0;0;0;0;0.0;13;1.0;0;0.9444444;0.6666667;0;0;5.0;-;0;-;-;0;-;0
xerces;1.4.4;org.apache.xerces.jaxp.SAXParserImpl;8;2;0;3;25;0;1;2;6;0.71428573;139;1.0;2;0.7307692;0.35;1;1;15.875;6;1;183;1;3;-;12
xerces;1.4.4;org.xml.sax.SAXNotSupportedException;1;4;0;0;2;0;0;0;1;2.0;5;0.0;0;1.0;1.0;0;0;4.0;0;0;-;1;0;-;0
xerces;1.4.4;org.apache.xerces.impl.dv.dtd.AbstractDatatypeValidator;5;1;7;10;6;10;7;3;3;1.25;17;1.0;0;0.0;0.36666667;0;0;2.2;1;1;136;0;0;-;0
xerces;1.4.4;org.apache.xerces.impl.xpath.regex.Op$UnionOp;4;2;0;2;9;0;2;1;0;0.0;30;0.0;0;0.88;0.5833333;0;0;6.25;-;0;-;-;0;-;0
xerces;1.4.4;org.apache.xerces.impl.Version;3;1;0;0;5;1;0;0;2;0.5;14;0.0;0;0.0;0.5;0;0;3.3333333;3;2;90;0;0;-;1
xerces;1.4.4;org.apache.xerces.impl.xs.XMLSchemaValidator$KeyValueStore;2;2;0;8;6;0;2;6;1;0.0;36;1.0;1;0.9230769;0.625;1;2;16.5;-;0;-;-;0;-;0
xerces;1.4.4;org.apache.xerces.impl.dv.xs.ListDatatypeValidator;8;2;0;15;41;2;5;10;6;0.39285713;848;1.0;0;0.64705884;0.296875;1;2;104.5;2;2;489;0;0;-;1
xerces;1.4.4;org.apache.xerces.impl.dv.xs.DurationDatatypeValidator;8;4;0;6;26;20;2;4;2;0.71428573;1028;1.0;0;0.9324324;0.31746033;1;10;127.25;1;1;381;0;0;-;1
xerces;1.4.4;org.apache.xerces.xni.parser.XMLPullParserConfiguration;2;1;0;5;2;1;1;4;2;2.0;2;0.0;0;0.0;0.6666667;0;0;0.0;1;1;128;0;0;-;1
xerces;1.4.4;org.apache.html.dom.HTMLButtonElementImpl;12;4;0;3;22;66;0;3;12;2.0;97;0.0;0;0.8952381;0.31666666;1;1;7.0833335;0;0;-;1;0;-;2
xerces;1.4.4;org.apache.xerces.util.XMLChar;23;1;0;16;26;181;16;0;22;0.97979796;3198;0.0;0;0.0;0.25;0;0;137.65218;4;3;708;0;0;-;4
xerces;1.4.4;org.w3c.dom.CDATASection;0;1;0;0;0;0;0;0;0;2.0;0;0.0;0;0.0;0.0;0;0;0.0;0;0;-;1;0;-;0
xerces;1.4.4;org.w3c.dom.NamedNodeMap;8;1;0;0;8;28;0;0;8;2.0;8;0.0;0;0.0;0.46875;0;0;0.0;0;0;-;1;0;-;0
xerces;1.4.4;org.apache.html.dom.HTMLTableRowElementImpl;20;4;0;6;42;190;2;6;19;1.0;284;0.0;1;0.8318584;0.275;0;0;13.15;0;0;-;1;0;-;4
xerces;1.4.4;org.w3c.dom.html.HTMLButtonElement;12;1;0;0;12;66;0;0;12;2.0;12;0.0;0;0.0;0.35416666;0;0;0.0;0;0;-;1;0;-;0
xerces;1.4.4;org.apache.wml.dom.WMLInputElementImpl;25;4;0;3;32;300;0;3;25;2.0;142;0.0;0;0.7735849;0.312;1;7;4.68;0;0;-;1;0;-;2
xerces;1.4.4;org.apache.xerces.dom3.as.ASContentModel;11;1;0;5;11;55;2;3;11;1.1;16;0.0;0;0.0;0.3272727;0;0;0.0;1;1;138;0;0;-;1
xerces;1.4.4;org.apache.xerces.parsers.AbstractSAXParser$LocatorProxy;5;1;0;2;10;0;1;1;5;0.0;28;1.0;1;0.0;0.6;0;0;4.4;-;0;-;-;0;-;0
xerces;1.4.4;org.xml.sax.AttributeList;6;1;0;0;6;15;0;0;6;2.0;6;0.0;0;0.0;0.6111111;0;0;0.0;0;0;-;1;0;-;0
xerces;1.4.4;org.apache.xerces.impl.XMLEntityHandler;2;1;0;6;2;1;5;1;2;2.0;2;0.0;0;0.0;1.0;0;0;0.0;1;1;115;0;0;-;2
xerces;1.4.4;org.apache.xerces.impl.xs.traversers.XSDComplexTypeTraverser;15;3;0;24;60;87;3;23;0;0.96428573;1645;1.0;1;0.53571427;0.34415585;2;4;108.53333;4;3;1179;0;0;-;20
xerces;1.4.4;org.apache.xerces.impl.xs.XSConstraints;12;1;0;24;34;66;7;17;10;2.0;558;0.0;0;0.0;0.17948718;0;0;45.5;3;2;473;0;0;-;13
xerces;1.4.4;org.apache.xerces.util.SymbolTable;7;1;3;45;12;1;44;1;7;0.75;279;1.0;1;0.0;0.5714286;0;0;38.57143;2;2;374;0;0;-;2
xerces;1.4.4;org.apache.xerces.impl.xpath.XPath$Step;4;1;0;6;13;0;4;2;3;0.0;87;0.0;1;0.0;0.4375;0;0;20.25;-;0;-;-;0;-;0
xerces;1.4.4;org.apache.html.dom.HTMLLIElementImpl;5;4;0;2;10;10;0;2;5;2.0;31;0.0;0;0.9591837;0.45;1;2;5.2;0;0;-;1;0;-;2
xerces;1.4.4;org.apache.xerces.impl.dtd.Grammar;63;1;1;28;98;1703;6;22;27;0.933871;3757;0.98;10;0.0;0.0959596;0;0;57.84127;1;1;1847;0;0;-;1
xerces;1.4.4;org.apache.xerces.impl.dv.xs.MonthDayDatatypeValidator;4;4;0;6;21;6;2;4;2;1.3333334;198;1.0;0;0.97183096;0.39285713;1;9;48.25;1;1;159;0;0;-;1
xerces;1.4.4;org.apache.xerces.impl.dv.xs.IDREFDatatypeValidator;6;4;0;7;19;15;2;5;5;1.1333333;80;0.33333334;0;0.90909094;0.31428573;0;0;11.833333;1;1;149;0;0;-;1
xerces;1.4.4;org.apache.xerces.impl.dv.xs.TimeDatatypeValidator;4;4;0;6;15;6;2;4;2;2.0;120;0.0;0;0.97183096;0.39285713;1;8;29.0;2;1;150;0;0;-;1
xerces;1.4.4;org.apache.wml.WMLTdElement;2;1;0;2;2;1;1;1;2;2.0;2;0.0;0;0.0;0.75;0;0;0.0;0;0;-;1;0;-;1
xerces;1.4.4;org.apache.xerces.impl.dtd.Grammar$ChildrenList;2;1;0;3;3;1;1;2;0;0.0;22;0.0;1;0.0;0.75;0;0;8.5;-;0;-;-;0;-;0
xerces;1.4.4;org.apache.xerces.dom.AttributeMap;12;2;0;6;50;24;1;6;5;2.0;719;0.0;0;0.5217391;0.32142857;1;9;58.916668;4;2;321;1;2;-;9
xerces;1.4.4;org.apache.xerces.impl.dv.dtd.InvalidDatatypeValueException;10;4;0;13;13;0;13;0;10;0.5925926;75;1.0;0;0.7692308;0.425;0;0;6.2;1;1;139;0;0;-;0
xerces;1.4.4;org.apache.xerces.dom3.as.ASObjectList;2;1;0;5;2;1;4;1;2;2.0;2;0.0;0;0.0;0.75;0;0;0.0;1;1;41;0;0;-;1
xerces;1.4.4;org.w3c.dom.html.HTMLDivElement;2;1;0;0;2;1;0;0;2;2.0;2;0.0;0;0.0;0.75;0;0;0.0;0;0;-;1;0;-;0
xerces;1.4.4;org.apache.html.dom.HTMLFrameElementImpl;17;4;0;2;23;136;0;2;17;2.0;96;0.0;0;0.8545455;0.3970588;0;0;4.647059;0;0;-;1;0;-;3
xerces;1.4.4;org.apache.xerces.impl.xs.identity.FieldActivator;3;1;0;6;3;3;3;3;3;2.0;3;0.0;0;0.0;0.6666667;0;0;0.0;1;1;103;0;0;-;3
xerces;1.4.4;org.apache.html.dom.HTMLTableCellElementImpl;31;4;0;3;46;465;1;2;31;2.0;259;0.0;0;0.7580645;0.30967742;0;0;7.354839;0;0;-;1;0;-;3
xerces;1.4.4;org.apache.xerces.impl.xs.XSGroupDecl;1;1;0;4;2;0;3;1;1;2.0;16;0.0;1;0.0;1.0;0;0;12.0;1;1;76;0;0;-;7
xerces;1.4.4;org.apache.xerces.parsers.DOMParser;14;4;0;16;48;35;4;12;14;2.0;328;0.0;0;0.8684211;0.2;1;1;22.428572;19;5;3810;1;7;-;8
xerces;1.4.4;org.apache.html.dom.HTMLTableColElementImpl;13;4;0;2;21;78;0;2;13;2.0;103;0.0;0;0.8867925;0.40384614;0;0;6.923077;0;0;-;1;0;-;2
xerces;1.4.4;org.w3c.dom.html.HTMLMenuElement;2;1;0;0;2;1;0;0;2;2.0;2;0.0;0;0.0;0.75;0;0;0.0;0;0;-;1;0;-;0
xerces;1.4.4;org.apache.xerces.jaxp.DefaultValidationErrorHandler;3;2;0;2;12;0;2;0;1;0.5;79;1.0;0;0.9444444;0.75;0;0;24.666666;1;1;91;0;0;-;1
xerces;1.4.4;org.apache.xerces.impl.dtd.XMLEntityDecl;4;1;0;4;5;4;4;0;4;0.33333334;76;0.0;0;0.0;0.6666667;0;0;16.0;1;1;156;0;0;-;1
xerces;1.4.4;org.xml.sax.Parser;7;1;0;0;7;21;0;0;7;2.0;7;0.0;0;0.0;0.25;0;0;0.0;0;0;-;1;0;-;0
xerces;1.4.4;org.w3c.dom.html.HTMLMapElement;3;1;0;0;3;3;0;0;3;2.0;3;0.0;0;0.0;0.6666667;0;0;0.0;0;0;-;1;0;-;0
xerces;1.4.4;org.apache.wml.WMLPostfieldElement;4;1;0;2;4;6;1;1;4;2.0;4;0.0;0;0.0;0.75;0;0;0.0;0;0;-;1;0;-;1
xerces;1.4.4;org.apache.xerces.dom3.as.ASAttributeDeclaration;10;1;0;5;10;45;2;3;10;1.1111112;13;0.0;0;0.0;0.3;0;0;0.0;1;1;83;0;0;-;1
xerces;1.4.4;org.w3c.dom.ProcessingInstruction;3;1;0;0;3;3;0;0;3;2.0;3;0.0;0;0.0;0.6666667;0;0;0.0;0;0;-;1;0;-;0
xerces;1.4.4;org.apache.xerces.xni.XMLAttributes;24;1;0;17;24;276;16;1;24;2.0;24;0.0;0;0.0;0.44166666;0;0;0.0;4;2;588;0;0;-;1
xerces;1.4.4;org.apache.xerces.parsers.SAXParser;4;4;0;7;8;6;2;5;4;2.0;29;0.0;0;1.0;0.5;0;0;6.25;4;3;1571;1;1;-;5
xerces;1.4.4;org.w3c.dom.html.HTMLModElement;4;1;0;0;4;6;0;0;4;2.0;4;0.0;0;0.0;0.75;0;0;0.0;0;0;-;1;0;-;0
xerces;1.4.4;org.apache.html.dom.HTMLLabelElementImpl;5;4;0;3;10;10;0;3;5;2.0;52;0.0;0;0.9591837;0.6;0;0;9.4;0;0;-;1;0;-;2
xerces;1.4.4;org.apache.xerces.xni.QName;10;1;0;46;16;15;46;0;10;0.055555556;235;0.0;0;0.0;0.375;1;1;22.1;1;1;234;0;0;-;3
xerces;1.4.4;org.apache.xerces.dom.TreeWalkerImpl;23;1;0;1;32;115;1;0;15;0.6181818;588;0.2;3;0.0;0.32173914;0;0;24.347826;3;2;84;1;1;-;3
xerces;1.4.4;org.apache.xerces.impl.xs.XSElementDecl;15;1;0;18;22;21;16;2;14;0.9661654;268;0.2631579;3;0.0;0.21111111;1;1;15.6;4;2;192;0;0;-;7
xerces;1.4.4;org.apache.xerces.xni.XMLDTDHandler;18;1;0;13;18;153;10;3;18;1.0588236;20;0.0;0;0.0;0.3425926;0;0;0.0;2;2;352;0;0;-;2
xerces;1.4.4;org.apache.xerces.impl.xpath.regex.Token$ClosureToken;8;2;0;3;15;18;3;1;1;0.61904764;275;0.0;1;0.8703704;0.5833333;1;9;33.0;-;0;-;-;0;-;0
xerces;1.4.4;org.apache.xml.serialize.ElementState;1;1;0;4;2;0;4;0;1;2.0;15;0.0;0;0.0;1.0;0;0;3.0;2;2;8;1;0;-;2
xerces;1.4.4;org.apache.xerces.util.XMLStringBuffer;11;2;0;7;15;43;6;1;11;0.75;177;0.5;0;0.54545456;0.33333334;1;9;14.909091;1;1;209;0;0;-;1
xerces;1.4.4;org.apache.xerces.xni.parser.XMLDTDContentModelFilter;0;1;0;3;0;0;1;2;0;2.0;0;0.0;0;0.0;0.0;0;0;0.0;1;1;73;0;0;-;1
xerces;1.4.4;org.apache.xerces.dom.DeferredDocumentImpl$RefCount;1;1;0;1;2;0;1;1;0;2.0;9;0.5;1;0.0;1.0;0;0;6.0;-;0;-;-;0;-;0
xerces;1.4.4;org.apache.wml.WMLRefreshElement;0;1;0;2;0;0;1;1;0;2.0;0;0.0;0;0.0;0.0;0;0;0.0;0;0;-;1;0;-;1
xerces;1.4.4;org.apache.xml.serialize.SerializerFactoryImpl;6;2;0;7;20;9;1;7;3;0.0;136;1.0;0;0.54545456;0.43333334;1;2;21.5;0;0;-;1;0;-;2
xerces;1.4.4;org.apache.xerces.impl.xs.traversers.XSDHandler;25;1;0;41;137;122;15;37;3;0.8630952;3191;0.64285713;22;0.0;0.17777778;0;0;124.4;3;3;1587;0;0;-;31
xerces;1.4.4;org.apache.wml.WMLInputElement;20;1;0;2;20;190;1;1;20;2.0;20;0.0;0;0.0;0.375;0;0;0.0;0;0;-;1;0;-;1
xerces;1.4.4;org.apache.wml.dom.WMLSetvarElementImpl;9;4;0;3;12;36;0;3;9;2.0;50;0.0;0;0.9111111;0.5555556;1;5;4.5555553;0;0;-;1;0;-;2
xerces;1.4.4;org.apache.wml.dom.WMLTableElementImpl;13;4;0;3;18;78;0;3;13;2.0;73;0.0;0;0.87234044;0.40384614;1;6;4.6153846;0;0;-;1;0;-;2
xerces;1.4.4;org.apache.xerces.impl.XMLDocumentScannerImpl$DTDDispatcher;2;1;0;8;20;0;1;8;1;0.0;237;1.0;1;0.0;0.6666667;0;0;117.0;-;0;-;-;0;-;0
xerces;1.4.4;org.xml.sax.SAXNotRecognizedException;1;4;0;0;2;0;0;0;1;2.0;5;0.0;0;1.0;1.0;0;0;4.0;0;0;-;1;0;-;0
xerces;1.4.4;org.apache.xerces.impl.dv.xs.InvalidDatatypeValueException;8;4;0;26;12;0;25;1;8;0.2857143;64;1.0;0;0.8181818;0.4375;0;0;6.75;1;1;92;0;0;-;1
xerces;1.4.4;org.apache.xerces.impl.xs.SchemaSymbols$SchemaSymbolTable;5;2;0;3;12;0;1;2;5;0.0;58;1.0;1;0.6;0.55;1;4;10.4;-;0;-;-;0;-;0
xerces;1.4.4;org.w3c.dom.events.EventListener;1;1;0;0;1;0;0;0;1;2.0;1;0.0;0;0.0;1.0;0;0;0.0;0;0;-;1;0;-;0
xerces;1.4.4;org.xml.sax.ext.LexicalHandler;7;1;0;0;7;21;0;0;7;2.0;7;0.0;0;0.0;0.42857143;0;0;0.0;0;0;-;1;0;-;0
xerces;1.4.4;org.apache.xml.serialize.Encodings;3;1;0;3;9;1;1;2;1;1.1666666;183;0.33333334;1;0.0;0.5;0;0;59.0;1;1;2;1;0;-;4
xerces;1.4.4;org.apache.html.dom.HTMLImageElementImpl;27;4;0;2;33;351;0;2;27;2.0;151;0.0;0;0.78333336;0.3888889;0;0;4.5925927;0;0;-;1;0;-;2
xerces;1.4.4;org.apache.xerces.dom3.as.DOMASWriter;1;1;0;3;1;0;1;2;1;2.0;1;0.0;0;0.0;1.0;0;0;0.0;1;1;48;0;0;-;4
xerces;1.4.4;org.apache.xerces.impl.dv.xs.UnionDatatypeValidator;10;2;0;13;35;0;3;10;8;0.37777779;537;1.0;0;0.6111111;0.3;1;2;52.2;3;2;348;0;0;-;1
xerces;1.4.4;org.w3c.dom.html.HTMLImageElement;26;1;0;0;26;325;0;0;26;2.0;26;0.0;0;0.0;0.5;0;0;0.0;0;0;-;1;0;-;0
xerces;1.4.4;org.apache.xerces.impl.dv.xs.AbstractStringValidator;14;2;6;15;44;81;6;9;6;0.96410257;1123;0.33333334;0;0.47826087;0.29591838;1;1;78.14286;1;1;503;0;0;-;1
xerces;1.4.4;org.w3c.dom.html.HTMLIsIndexElement;3;1;0;0;3;3;0;0;3;2.0;3;0.0;0;0.0;0.6666667;0;0;0.0;0;0;-;1;0;-;0
xerces;1.4.4;org.apache.xerces.util.URI;42;1;0;3;67;375;2;1;29;0.7804878;2031;1.0;0;0.0;0.22648084;0;0;47.07143;2;2;1422;0;0;-;7
xerces;1.4.4;org.xml.sax.Locator;4;1;0;0;4;6;0;0;4;2.0;4;0.0;0;0.0;1.0;0;0;0.0;0;0;-;1;0;-;0
xerces;1.4.4;org.apache.xerces.util.SymbolHash$Entry;2;1;0;1;5;0;1;0;2;0.0;47;0.0;1;0.0;0.625;0;0;20.5;-;0;-;-;0;-;0
xerces;1.4.4;org.apache.wml.WMLBElement;2;1;0;2;2;1;1;1;2;2.0;2;0.0;0;0.0;0.75;0;0;0.0;0;0;-;1;0;-;1
xerces;1.4.4;org.apache.xerces.impl.xs.XMLSchemaValidator$OrderedHashtable;11;1;0;7;18;0;4;3;9;0.3;242;1.0;1;0.0;0.4090909;0;0;20.818182;-;0;-;-;0;-;0
xerces;1.4.4;org.apache.xerces.xni.parser.XMLEntityResolver;1;1;0;10;1;0;8;2;1;2.0;1;0.0;0;0.0;1.0;0;0;0.0;1;1;100;0;0;-;1
xerces;1.4.4;org.apache.wml.dom.WMLOptgroupElementImpl;9;4;0;3;12;36;0;3;9;2.0;50;0.0;0;0.9111111;0.5555556;1;6;4.5555553;0;0;-;1;0;-;2
xerces;1.4.4;org.apache.xerces.impl.XMLErrorReporter;14;1;0;60;36;61;51;9;13;0.93491125;257;0.7692308;3;0.0;0.23846154;0;0;16.428572;1;1;497;0;0;-;4
xerces;1.4.4;org.apache.xerces.xni.XMLDocumentHandler;18;1;0;18;18;153;13;5;18;2.0;18;0.0;0;0.0;0.3425926;0;0;0.0;1;1;307;0;0;-;1
xerces;1.4.4;org.apache.xerces.impl.dv.dtd.StatefullDatatypeValidator;3;1;0;5;3;3;4;1;3;2.0;3;0.0;0;0.0;0.6666667;0;0;0.0;1;1;85;0;0;-;0
xerces;1.4.4;org.apache.xerces.impl.dv.xs.AbstractNumericValidator;7;3;3;11;22;21;5;6;4;2.0;217;0.0;0;0.84375;0.33333334;0;0;30.0;1;1;206;0;0;-;1
xerces;1.4.4;org.apache.xerces.impl.xs.identity.ValueStore;2;1;0;6;2;1;4;3;2;2.0;2;0.0;0;0.0;0.625;0;0;0.0;1;1;102;0;0;-;3
xerces;1.4.4;org.apache.xml.serialize.IndentPrinter;17;2;0;3;34;0;1;2;16;0.4625;403;1.0;0;0.5151515;0.18300654;1;15;22.411764;1;1;2;1;0;-;4
xerces;1.4.4;org.apache.xerces.dom.DeferredNode;1;1;0;14;1;0;14;0;1;2.0;1;0.0;0;0.0;1.0;0;0;0.0;2;1;76;1;2;-;2
xerces;1.4.4;org.apache.xerces.impl.XMLNamespaceBinder;32;1;0;16;80;0;2;14;29;0.8508065;814;1.0;6;0.0;0.18475074;0;0;23.9375;9;3;971;0;0;-;6
xerces;1.4.4;org.apache.xerces.impl.xs.XMLSchemaValidator$UniqueValueStore;2;2;0;7;6;0;1;6;1;0.0;36;1.0;1;0.9230769;0.625;1;2;16.5;-;0;-;-;0;-;0
xerces;1.4.4;org.apache.xerces.util.DefaultErrorHandler;6;1;0;4;19;13;1;3;5;0.0;104;1.0;0;0.0;0.625;0;0;16.166666;1;1;154;0;0;-;1
xerces;1.4.4;org.xml.sax.ContentHandler;11;1;0;0;11;55;0;0;11;2.0;11;0.0;0;0.0;0.34848484;0;0;0.0;0;0;-;1;0;-;0
xerces;1.4.4;org.w3c.dom.html.HTMLOptionElement;13;1;0;0;13;78;0;0;13;2.0;13;0.0;0;0.0;0.46153846;0;0;0.0;0;0;-;1;0;-;0
xerces;1.4.4;org.apache.xerces.dom3.ls.ParseErrorEvent;1;1;0;1;1;0;0;1;1;2.0;1;0.0;0;0.0;1.0;0;0;0.0;1;1;31;0;0;-;0
xerces;1.4.4;org.apache.xerces.impl.xs.XSWildcardDecl;12;1;0;9;18;18;9;0;6;0.892562;845;0.09090909;0;0.0;0.4181818;0;0;68.5;1;1;547;0;0;-;8
xerces;1.4.4;org.apache.xerces.util.XMLAttributesImpl$Attribute;1;1;0;2;3;0;1;1;0;2.0;14;0.0;1;0.0;1.0;0;0;8.0;-;0;-;-;0;-;0
xerces;1.4.4;org.apache.xerces.impl.xpath.regex.Token$ParenToken;5;2;0;3;10;0;3;1;1;0.5;139;0.0;1;0.92156863;0.6;1;7;26.4;-;0;-;-;0;-;0
xerces;1.4.4;org.apache.xerces.dom.CharacterDataImpl;14;3;3;7;35;17;3;4;11;0.71794873;291;0.6666667;1;0.8064516;0.48076922;1;1;19.571428;2;1;141;1;0;-;3
xerces;1.4.4;org.apache.xerces.impl.xpath.regex.ParseException;2;4;0;4;3;0;4;0;2;0.0;13;0.0;0;0.9444444;0.6666667;0;0;5.0;1;1;87;0;0;-;1
xerces;1.4.4;org.w3c.dom.ranges.Range;24;1;0;0;24;276;0;0;24;1.0434783;28;0.0;0;0.0;0.27083334;0;0;0.0;0;0;-;1;0;-;0
xerces;1.4.4;org.apache.xerces.impl.xs.traversers.OneAttr;1;1;0;2;2;0;2;0;1;2.0;20;0.0;0;0.0;1.0;0;0;15.0;0;0;-;0;0;-;0
xerces;1.4.4;org.xml.sax.helpers.ParserAdapter$AttributeListAdapter;14;1;0;0;25;33;0;0;12;0.6923077;91;1.0;2;0.0;0.3857143;0;0;5.357143;-;0;-;-;0;-;0
xerces;1.4.4;org.apache.xerces.util.EncodingMap;8;1;0;1;13;4;1;0;7;0.5714286;424;1.0;0;0.0;0.5;0;0;51.75;1;1;683;0;0;-;13
xerces;1.4.4;org.w3c.dom.html.HTMLOptGroupElement;4;1;0;0;4;6;0;0;4;2.0;4;0.0;0;0.0;0.5;0;0;0.0;0;0;-;1;0;-;0
xerces;1.4.4;org.apache.xerces.util.ParserConfigurationSettings;10;1;1;3;21;19;1;2;8;0.4888889;195;1.0;1;0.0;0.35;0;0;18.0;1;1;328;0;0;-;1
xerces;1.4.4;org.apache.wml.dom.WMLAnchorElementImpl;9;4;0;3;12;36;0;3;9;2.0;50;0.0;0;0.9111111;0.5555556;1;6;4.5555553;0;0;-;1;0;-;2
xerces;1.4.4;org.apache.wml.dom.WMLBElementImpl;7;4;0;3;10;21;0;3;7;2.0;39;0.0;0;0.9318182;0.5714286;1;6;4.571429;0;0;-;1;0;-;2
xerces;1.4.4;org.apache.xerces.dom3.as.DOMASBuilder;4;1;0;5;4;6;1;4;4;2.0;4;0.0;0;0.0;0.4375;0;0;0.0;1;1;95;0;0;-;4
xerces;1.4.4;org.w3c.dom.DOMException;1;4;0;0;2;0;0;0;1;2.0;24;0.0;0;1.0;1.0;0;0;7.0;0;0;-;1;0;-;0
xerces;1.4.4;org.w3c.dom.events.EventException;1;4;0;0;2;0;0;0;1;2.0;10;0.0;0;1.0;1.0;0;0;7.0;0;0;-;1;0;-;0
xerces;1.4.4;org.w3c.dom.html.HTMLHeadingElement;2;1;0;0;2;1;0;0;2;2.0;2;0.0;0;0.0;0.75;0;0;0.0;0;0;-;1;0;-;0
xerces;1.4.4;org.apache.wml.dom.WMLStrongElementImpl;7;4;0;3;10;21;0;3;7;2.0;39;0.0;0;0.9318182;0.5714286;1;6;4.571429;0;0;-;1;0;-;2
xerces;1.4.4;org.apache.xerces.util.SymbolHash;9;1;0;4;15;0;2;2;8;0.1875;243;1.0;1;0.0;0.42222223;0;0;25.777779;3;2;309;0;0;-;1
xerces;1.4.4;org.apache.xerces.dom3.as.DocumentEditAS;2;1;0;1;2;1;0;1;2;2.0;2;0.0;0;0.0;0.75;0;0;0.0;1;1;45;0;0;-;1
xerces;1.4.4;org.apache.xerces.dom.DeferredCDATASectionImpl;3;5;0;4;7;0;1;4;1;0.75;33;0.5;0;0.9692308;0.5555556;3;11;9.333333;3;1;147;1;2;-;1
xerces;1.4.4;org.apache.xerces.impl.xs.identity.Selector$Matcher;4;2;0;12;14;0;1;12;4;0.33333334;112;1.0;2;0.8125;0.40625;0;0;26.0;-;0;-;-;0;-;0
xerces;1.4.4;org.apache.xerces.impl.xs.models.XSEmptyCM;5;1;0;5;6;10;1;4;5;1.25;47;1.0;0;0.0;0.5;0;0;8.2;2;2;152;0;0;-;3
xerces;1.4.4;org.w3c.dom.html.HTMLTableColElement;12;1;0;0;12;66;0;0;12;2.0;12;0.0;0;0.0;0.5;0;0;0.0;0;0;-;1;0;-;0
xerces;1.4.4;org.apache.xerces.impl.xpath.XPath;6;1;2;18;39;1;8;11;5;0.8;781;1.0;2;0.0;0.33333334;0;0;128.16667;1;1;3702;0;0;-;11
xerces;1.4.4;org.xml.sax.helpers.XMLReaderFactory;3;1;0;0;14;3;0;0;2;2.0;102;0.0;0;0.0;0.33333334;0;0;33.0;0;0;-;1;0;-;1
xerces;1.4.4;org.w3c.dom.html.HTMLElement;10;1;0;0;10;45;0;0;10;2.0;10;0.0;0;0.0;0.75;0;0;0.0;0;0;-;1;0;-;0
xerces;1.4.4;org.apache.html.dom.HTMLModElementImpl;5;4;0;2;8;10;0;2;5;2.0;28;0.0;0;0.9591837;0.6;0;0;4.6;0;0;-;1;0;-;2
xerces;1.4.4;org.apache.xerces.impl.xs.models.XSDFACM;14;1;0;14;53;39;1;13;7;0.8076923;1255;1.0;5;0.0;0.35164836;0;0;87.35714;2;2;1311;0;0;-;7
xerces;1.4.4;org.apache.xerces.jaxp.SAXParserFactoryImpl;5;2;0;1;14;4;0;1;4;0.25;94;1.0;0;0.7647059;0.53333336;0;0;17.6;3;2;98;1;2;-;2
xerces;1.4.4;org.apache.html.dom.HTMLLegendElementImpl;5;4;0;2;10;10;0;2;5;2.0;52;0.0;0;0.9591837;0.6;0;0;9.4;0;0;-;1;0;-;2
xerces;1.4.4;org.apache.xerces.impl.dtd.XMLNotationDecl;3;1;0;2;4;1;2;0;3;0.5;29;0.0;0;0.0;0.6666667;0;0;7.6666665;1;1;105;0;0;-;1
xerces;1.4.4;org.apache.xerces.dom3.ls.DOMInputSource;14;1;0;6;14;91;6;0;14;2.0;14;0.0;0;0.0;0.375;0;0;0.0;1;1;180;0;0;-;0
xerces;1.4.4;org.apache.xerces.impl.dv.xs.DatatypeValidatorFactory;1;1;0;3;1;0;1;2;1;2.0;1;0.0;0;0.0;1.0;0;0;0.0;1;1;70;0;0;-;1
xerces;1.4.4;org.apache.html.dom.HTMLInputElementImpl;38;4;0;3;49;703;0;3;38;2.0;229;0.0;0;0.71755725;0.29473683;1;3;5.0263157;0;0;-;1;0;-;2
xerces;1.4.4;org.apache.xerces.impl.dv.dtd.NOTATIONDatatypeValidator;8;2;0;6;15;26;2;4;7;0.71428573;48;1.0;1;0.33333334;0.2857143;0;0;4.875;1;1;152;0;0;-;1
xerces;1.4.4;org.apache.html.dom.HTMLAreaElementImpl;17;4;0;2;27;136;0;2;17;2.0;123;0.0;0;0.8545455;0.31764707;0;0;6.2352943;0;0;-;1;0;-;2
xerces;1.4.4;org.apache.wml.dom.WMLImgElementImpl;23;4;0;3;26;253;0;3;23;2.0;127;0.0;0;0.78846157;0.5217391;1;6;4.521739;0;0;-;1;0;-;2
xerces;1.4.4;javax.xml.parsers.SAXParser;17;1;1;0;37;136;0;0;16;2.0;254;0.0;0;0.0;0.30882353;0;0;13.941176;1;1;232;1;0;-;0
xerces;1.4.4;org.apache.xerces.impl.dv.xs.EntityDatatypeValidator;6;4;0;6;18;15;1;5;6;2.0;100;0.0;0;0.88235295;0.30952382;4;6;15.666667;1;1;141;0;0;-;1
xerces;1.4.4;org.w3c.dom.traversal.NodeFilter;1;1;0;0;1;0;0;0;1;2.0;17;0.0;0;0.0;1.0;0;0;0.0;0;0;-;1;0;-;0
xerces;1.4.4;org.apache.xerces.dom.DeferredElementNSImpl;4;4;0;6;20;0;1;6;1;0.6666667;118;0.5;0;0.96202534;0.5;3;11;28.0;6;2;207;1;3;-;6
xerces;1.4.4;org.apache.wml.WMLHeadElement;0;1;0;2;0;0;1;1;0;2.0;0;0.0;0;0.0;0.0;0;0;0.0;0;0;-;1;0;-;1
xerces;1.4.4;org.apache.xerces.dom.ParentNode$1;3;1;0;1;6;0;1;1;2;0.0;19;1.0;1;0.0;0.5555556;0;0;5.0;-;0;-;-;0;-;0
xerces;1.4.4;org.apache.wml.dom.WMLDOMImplementationImpl;4;2;0;4;8;4;0;4;3;0.6666667;31;0.0;1;0.6666667;0.44444445;0;0;6.5;0;0;-;1;0;-;2
xerces;1.4.4;org.apache.xerces.dom3.ls.DocumentLS;6;1;0;0;6;15;0;0;6;2.0;6;0.0;0;0.0;0.41666666;0;0;0.0;1;1;110;0;0;-;0
xerces;1.4.4;org.apache.html.dom.CollectionIndex;4;1;0;1;5;0;1;0;0;0.0;28;1.0;0;0.0;0.625;0;0;5.75;0;0;-;1;0;-;0
xerces;1.4.4;org.apache.html.dom.HTMLDOMImplementationImpl;4;2;0;2;8;4;0;2;2;0.6666667;31;1.0;1;0.6666667;0.5;0;0;6.5;0;0;-;1;0;-;1
xerces;1.4.4;org.apache.wml.dom.WMLTdElementImpl;7;4;0;3;10;21;0;3;7;2.0;39;0.0;0;0.9318182;0.5714286;1;6;4.571429;0;0;-;1;0;-;2
xerces;1.4.4;org.apache.xerces.impl.dv.xs.XMLException;5;3;0;0;7;10;0;0;5;2.0;20;0.0;0;0.9444444;0.6;0;0;3.0;1;1;80;0;0;-;1
xerces;1.4.4;org.apache.xerces.impl.XMLEntityManager$ScannedEntity;4;2;0;4;11;2;3;2;4;0.94871795;123;0.07692308;1;0.5714286;0.375;0;0;26.5;-;0;-;-;0;-;0
xerces;1.4.4;org.apache.xerces.parsers.AbstractSAXParser$AttributesProxy;15;1;0;2;28;0;1;1;14;0.071428575;90;1.0;1;0.0;0.46666667;0;0;4.9333334;-;0;-;-;0;-;0
xerces;1.4.4;org.w3c.dom.html.HTMLStyleElement;6;1;0;0;6;15;0;0;6;2.0;6;0.0;0;0.0;0.5;0;0;0.0;0;0;-;1;0;-;0
xerces;1.4.4;org.apache.xerces.impl.xs.identity.IDValue;3;1;0;6;10;0;5;1;3;0.25;113;1.0;1;0.0;0.5;0;0;36.0;1;1;131;0;0;-;0
xerces;1.4.4;org.apache.xerces.dom.DeferredNotationImpl;3;3;0;4;10;0;1;4;1;0.75;50;0.5;0;0.96153843;0.5555556;2;3;15.0;3;1;151;1;2;-;2
xerces;1.4.4;org.apache.wml.dom.WMLPElementImpl;11;4;0;3;14;55;0;3;11;2.0;61;0.0;0;0.8913044;0.54545456;1;6;4.5454545;0;0;-;1;0;-;2
xerces;1.4.4;org.xml.sax.EntityResolver;1;1;0;0;1;0;0;0;1;2.0;1;0.0;0;0.0;1.0;0;0;0.0;0;0;-;1;0;-;0
xerces;1.4.4;org.apache.html.dom.HTMLLinkElementImpl;19;4;0;2;24;171;0;2;19;2.0;105;0.0;0;0.83928573;0.39473686;0;0;4.5263157;0;0;-;1;0;-;2
xerces;1.4.4;org.w3c.dom.html.HTMLOListElement;6;1;0;0;6;15;0;0;6;2.0;6;0.0;0;0.0;0.375;0;0;0.0;0;0;-;1;0;-;0
xerces;1.4.4;org.apache.xerces.dom.DocumentFragmentImpl;4;4;0;2;6;6;1;2;4;1.3333334;16;0.0;0;0.97530866;0.625;2;5;2.75;2;1;5;1;0;-;2
xerces;1.4.4;org.apache.xerces.impl.dv.xs.AnyURIDatatypeValidator;5;3;0;10;16;4;2;8;3;0.5;87;1.0;1;0.88461536;0.43333334;2;3;16.2;1;1;120;0;0;-;1
xerces;1.4.4;org.apache.xerces.impl.xs.identity.Selector;5;1;0;8;8;0;4;6;5;0.5;34;1.0;2;0.0;0.4;0;0;5.4;1;1;256;0;0;-;7
xerces;1.4.4;org.xml.sax.helpers.NamespaceSupport$Context;9;1;0;0;24;0;0;0;0;0.5833333;322;0.44444445;2;0.0;0.35555556;0;0;33.77778;-;0;-;-;0;-;0
xerces;1.4.4;org.apache.xerces.dom.DeferredElementImpl;4;3;0;6;16;0;1;6;1;0.6666667;82;0.5;0;0.96;0.5;2;8;19.0;5;1;193;1;2;-;1
xerces;1.4.4;org.apache.xerces.dom.DeferredTextImpl;3;4;0;4;9;0;1;4;1;0.75;44;0.5;0;0.9677419;0.5555556;3;12;13.0;3;1;145;1;2;-;1
xerces;1.4.4;org.apache.wml.WMLOneventElement;2;1;0;2;2;1;1;1;2;2.0;2;0.0;0;0.0;0.75;0;0;0.0;0;0;-;1;0;-;1
xerces;1.4.4;org.apache.wml.dom.WMLAElementImpl;11;4;0;3;14;55;0;3;11;2.0;61;0.0;0;0.8913044;0.54545456;1;6;4.5454545;0;0;-;1;0;-;2
xerces;1.4.4;org.apache.wml.dom.WMLIElementImpl;7;4;0;3;10;21;0;3;7;2.0;39;0.0;0;0.9318182;0.5714286;1;6;4.571429;0;0;-;1;0;-;2
xerces;1.4.4;org.apache.xerces.impl.xs.traversers.XSDAbstractTraverser$fFacetInfo;1;1;0;3;2;0;3;1;0;2.0;10;0.33333334;2;0.0;1.0;0;0;6.0;-;0;-;-;0;-;0
xerces;1.4.4;org.apache.wml.dom.WMLDoElementImpl;15;4;0;3;18;105;0;3;15;2.0;83;0.0;0;0.8541667;0.53333336;1;6;4.5333333;0;0;-;1;0;-;2
xerces;1.4.4;org.apache.xerces.dom.DocumentImpl$LEntry;1;1;0;1;2;0;1;1;0;2.0;20;0.25;2;0.0;1.0;0;0;15.0;-;0;-;-;0;-;0
xerces;1.4.4;org.apache.xerces.dom.ChildNode;8;2;2;9;14;18;9;2;5;0.9047619;69;0.6666667;2;0.88;0.41666666;1;3;7.25;2;1;10;1;0;-;1
xerces;1.4.4;org.apache.xerces.parsers.BasicParserConfiguration;21;2;1;14;46;162;1;13;15;0.98571426;323;1.0;4;0.30769232;0.12585033;2;7;13.714286;5;3;1022;0;0;-;2
xerces;1.4.4;org.apache.xerces.dom.CommentImpl;3;3;1;3;4;3;2;2;3;1.5;13;0.0;0;0.96428573;0.5555556;1;4;3.0;2;1;6;1;0;-;1
xerces;1.4.4;org.apache.xerces.impl.xs.XSTypeDecl;2;1;0;16;2;1;16;0;2;2.0;4;0.0;0;0.0;1.0;0;0;0.0;1;1;77;0;0;-;0
xerces;1.4.4;org.apache.wml.dom.WMLOneventElementImpl;7;4;0;3;10;21;0;3;7;2.0;39;0.0;0;0.9318182;0.5714286;1;4;4.571429;0;0;-;1;0;-;2
xerces;1.4.4;org.apache.xerces.dom.DeferredEntityReferenceImpl;5;3;0;5;13;0;1;5;1;0.75;59;0.5;0;0.92156863;0.46666667;2;6;10.4;6;2;301;1;2;-;2
xerces;1.4.4;org.apache.xerces.impl.xpath.regex.Op$ChildOp;3;2;1;3;4;1;3;1;0;0.5;15;0.0;1;0.9166667;0.5555556;0;0;3.6666667;-;0;-;-;0;-;0
xerces;1.4.4;org.apache.xerces.impl.dtd.DTDGrammar;42;2;0;18;89;673;2;16;35;0.9512195;1494;0.75;7;0.60194176;0.17748918;2;12;33.809525;1;1;1161;0;0;-;12
xerces;1.4.4;org.apache.xerces.dom.EntityReferenceImpl;10;4;1;3;20;43;2;2;9;1.0;64;0.5;0;0.89772725;0.325;2;8;5.2;3;2;14;1;1;-;5
xerces;1.4.4;org.apache.xerces.parsers.AbstractDOMParser;24;3;1;17;122;0;1;16;21;0.85607195;1567;0.9310345;7;0.6515151;0.25;3;10;63.083332;14;5;1767;0;0;-;37
xerces;1.4.4;org.apache.xerces.impl.dv.dtd.NMTOKENDatatypeValidator;6;2;0;6;13;15;1;5;6;2.0;39;0.0;0;0.42857143;0.33333334;0;0;5.5;1;1;108;0;0;-;1
xerces;1.4.4;org.w3c.dom.traversal.TreeWalker;13;1;0;0;13;78;0;0;13;2.0;13;0.0;0;0.0;0.53846157;0;0;0.0;0;0;-;1;0;-;0
xerces;1.4.4;org.apache.wml.WMLTrElement;0;1;0;2;0;0;1;1;0;2.0;0;0.0;0;0.0;0.0;0;0;0.0;0;0;-;1;0;-;1
xerces;1.4.4;org.apache.xerces.impl.xs.traversers.OneElement;2;1;0;2;6;1;1;1;2;0.0;43;0.0;1;0.0;0.8333333;0;0;19.0;0;0;-;0;0;-;0
xerces;1.4.4;org.apache.xerces.impl.xs.identity.IdentityConstraint;12;1;2;21;20;42;21;2;10;0.93939394;190;0.6666667;2;0.0;0.21428572;1;1;14.083333;1;1;200;0;0;-;5
xerces;1.4.4;org.apache.xerces.impl.dv.xs.InvalidDatatypeFacetException;8;4;0;16;12;0;15;1;8;0.2857143;64;1.0;0;0.8181818;0.4375;0;0;6.75;1;1;98;0;0;-;1
xerces;1.4.4;org.apache.xerces.parsers.XMLDocumentParser;4;3;0;5;8;6;0;5;4;2.0;29;0.0;0;1.0;0.5;0;0;6.25;1;1;112;0;0;-;3
xerces;1.4.4;org.apache.xerces.xni.parser.XMLDocumentFilter;0;1;0;5;0;0;3;2;0;2.0;0;0.0;0;0.0;0.0;0;0;0.0;1;1;73;0;0;-;1
xerces;1.4.4;org.apache.html.dom.HTMLObjectElementImpl;35;4;0;3;43;595;0;3;35;2.0;200;0.0;0;0.734375;0.30857143;0;0;4.714286;0;0;-;1;0;-;3
xerces;1.4.4;org.apache.wml.dom.WMLOptionElementImpl;13;4;0;3;16;78;0;3;13;2.0;72;0.0;0;0.87234044;0.53846157;1;7;4.5384617;0;0;-;1;0;-;2
xerces;1.4.4;org.xml.sax.InputSource;14;1;0;0;15;81;0;0;14;0.8769231;75;1.0;0;0.0;0.39285713;0;0;4.0;0;0;-;1;0;-;0
xerces;1.4.4;org.apache.xerces.xni.parser.XMLDTDFilter;0;1;0;3;0;0;1;2;0;2.0;0;0.0;0;0.0;0.0;0;0;0.0;1;1;73;0;0;-;1
xerces;1.4.4;org.apache.wml.WMLAccessElement;4;1;0;2;4;6;1;1;4;2.0;4;0.0;0;0.0;0.75;0;0;0.0;0;0;-;1;0;-;1
xerces;1.4.4;org.apache.xerces.impl.dtd.XMLContentSpec$Provider;1;1;0;1;1;0;1;1;1;2.0;1;0.0;0;0.0;1.0;0;0;0.0;-;0;-;-;0;-;0
xerces;1.4.4;org.apache.xerces.impl.dv.xs.AbstractNumericFacetValidator;18;2;2;9;33;151;2;7;3;0.95098037;1365;1.0;0;0.4074074;0.2361111;1;1;74.5;1;1;479;0;0;-;1
xerces;1.4.4;org.apache.xerces.xni.parser.XMLDTDSource;1;1;0;3;1;0;2;1;1;2.0;1;0.0;0;0.0;1.0;0;0;0.0;1;1;84;0;0;-;1
xerces;1.4.4;org.apache.xerces.impl.dv.xs.DecimalDatatypeValidator;20;4;0;11;49;112;2;9;3;0.7894737;840;1.0;0;0.64;0.19545455;3;13;40.9;1;1;375;0;0;-;1
xerces;1.4.4;org.apache.wml.WMLCardElement;14;1;0;2;14;91;1;1;14;2.0;14;0.0;0;0.0;0.5;0;0;0.0;0;0;-;1;0;-;1
xerces;1.4.4;org.apache.xml.serialize.XMLSerializer;14;2;0;5;86;41;1;4;10;2.0;1128;0.0;0;0.8484849;0.24603175;2;7;79.57143;6;4;181;1;2;-;24
xerces;1.4.4;org.apache.xerces.parsers.CachingParserPool$SynchronizedGrammarPool;5;2;0;3;10;0;1;2;5;0.0;82;1.0;1;0.6666667;0.55;0;0;15.2;-;0;-;-;0;-;0
xerces;1.4.4;org.w3c.dom.html.HTMLDListElement;2;1;0;0;2;1;0;0;2;2.0;2;0.0;0;0.0;0.75;0;0;0.0;0;0;-;1;0;-;0
xerces;1.4.4;org.apache.xerces.util.DOMUtil;39;1;0;18;85;741;15;3;38;2.0;951;0.0;0;0.0;0.18589744;0;0;23.384615;5;3;772;0;0;-;2
xerces;1.4.4;org.apache.xerces.parsers.CachingParserPool$ShadowedGrammarPool;3;2;0;3;6;0;1;2;3;0.0;36;1.0;1;0.8;0.6666667;0;0;10.666667;-;0;-;-;0;-;0
xerces;1.4.4;org.apache.html.dom.HTMLHeadElementImpl;3;4;0;2;6;3;1;2;3;2.0;17;0.0;0;0.9791667;0.6666667;0;0;4.6666665;0;0;-;1;0;-;2
xerces;1.4.4;org.apache.xerces.dom3.ls.DOMBuilderFilter;3;1;0;1;3;3;1;0;3;2.0;3;0.0;0;0.0;0.8333333;0;0;0.0;1;1;102;0;0;-;0
xerces;1.4.4;org.apache.xerces.impl.xs.traversers.XSDComplexTypeTraverser$ComplexTypeRecoverableError;3;3;0;1;5;0;1;1;0;0.0;37;0.5;1;1.0;0.75;0;0;10.666667;-;0;-;-;0;-;0
xerces;1.4.4;org.apache.html.dom.HTMLHtmlElementImpl;3;4;0;2;7;3;1;2;3;2.0;19;0.0;0;0.9791667;0.6666667;0;0;5.3333335;0;0;-;1;0;-;2
xerces;1.4.4;org.apache.xerces.impl.xs.models.XSCMBinOp;6;2;0;4;14;0;2;2;2;0.2;154;1.0;2;0.61538464;0.41666666;1;2;24.333334;1;1;177;0;0;-;2
xerces;1.4.4;org.apache.wml.WMLElement;4;1;0;36;4;6;36;0;4;2.0;4;0.0;0;0.0;0.75;0;0;0.0;0;0;-;1;0;-;1
xerces;1.4.4;org.apache.html.dom.HTMLParagraphElementImpl;3;4;0;2;6;3;0;2;3;2.0;17;0.0;0;0.9791667;0.6666667;0;0;4.6666665;0;0;-;1;0;-;2
xerces;1.4.4;org.apache.xerces.impl.XMLEntityManager$OneCharReader;4;3;0;3;6;4;2;2;4;0.6666667;109;1.0;1;0.85714287;0.4;2;2;25.0;-;0;-;-;0;-;0
xerces;1.4.4;org.apache.xerces.impl.XMLEntityManager$Entity;6;1;3;4;7;9;4;0;6;0.4;27;0.0;0;0.0;0.44444445;0;0;3.3333333;-;0;-;-;0;-;0
xerces;1.4.4;org.apache.xerces.impl.XMLDocumentFragmentScannerImpl;31;2;1;25;116;177;3;23;12;0.9457364;1419;1.0;14;0.36956522;0.12619048;2;8;43.387096;3;2;1620;0;0;-;24
xerces;1.4.4;org.apache.xerces.util.XMLAttributesImpl;27;1;0;5;32;0;2;3;27;0.46153846;530;1.0;1;0.0;0.42962962;0;0;18.518518;6;4;1008;0;0;-;2
xerces;1.4.4;org.w3c.dom.html.HTMLBRElement;2;1;0;0;2;1;0;0;2;2.0;2;0.0;0;0.0;0.75;0;0;0.0;0;0;-;1;0;-;0
xerces;1.4.4;org.apache.xerces.impl.XMLEntityManager$EntityScanner;20;2;0;8;41;0;1;8;19;0.0;2692;1.0;1;0.42424244;0.22857143;1;1;133.55;-;0;-;-;0;-;0
xerces;1.4.4;org.w3c.dom.html.HTMLInputElement;38;1;0;0;38;703;0;0;38;2.0;38;0.0;0;0.0;0.35526314;0;0;0.0;0;0;-;1;0;-;0
xerces;1.4.4;org.apache.wml.WMLOptgroupElement;4;1;0;2;4;6;1;1;4;2.0;4;0.0;0;0.0;0.75;0;0;0.0;0;0;-;1;0;-;1
xerces;1.4.4;org.apache.html.dom.HTMLOListElementImpl;7;4;0;2;14;21;0;2;7;2.0;42;0.0;0;0.94;0.34285715;0;0;5.0;0;0;-;1;0;-;2
xerces;1.4.4;org.apache.xerces.impl.dv.dtd.DatatypeValidator;3;1;0;14;3;3;13;1;3;1.5;22;0.0;0;0.0;0.6666667;0;0;0.0;1;1;122;0;0;-;0
xerces;1.4.4;org.apache.xerces.util.URI$MalformedURIException;2;4;0;3;4;1;3;0;2;2.0;9;0.0;0;1.0;0.75;0;0;3.5;-;0;-;-;0;-;0
xerces;1.4.4;org.apache.xerces.impl.dv.xs.NOTATIONDatatypeValidator;7;3;0;11;26;21;3;8;4;2.0;207;0.0;0;0.8214286;0.40816328;2;6;28.571428;1;1;196;0;0;-;1
xerces;1.4.4;org.apache.xerces.dom3.as.ElementEditAS;13;1;0;1;13;78;0;1;13;2.0;13;0.0;0;0.0;0.40384614;0;0;0.0;1;1;149;0;0;-;1
xerces;1.4.4;org.apache.xerces.impl.dtd.models.CMBinOp;6;2;0;4;14;0;2;2;2;0.2;154;1.0;2;0.61538464;0.41666666;1;2;24.333334;1;1;187;0;0;-;1
xerces;1.4.4;org.apache.xerces.impl.dtd.models.CMLeaf;9;2;0;5;22;0;2;3;4;0.375;143;1.0;1;0.53333336;0.41666666;1;2;14.666667;1;1;181;0;0;-;3
xerces;1.4.4;org.apache.html.dom.HTMLFontElementImpl;7;4;0;2;11;21;0;2;7;2.0;43;0.0;0;0.94;0.5714286;0;0;5.142857;0;0;-;1;0;-;2
xerces;1.4.4;org.apache.xerces.util.NamespaceSupport$Context;6;1;0;2;7;0;1;2;6;0.3;90;1.0;1;0.0;0.45833334;0;0;13.666667;-;0;-;-;0;-;0
xerces;1.4.4;org.apache.xerces.impl.xpath.regex.Op$ModifierOp;3;3;0;3;4;0;2;1;0;0.5;21;0.0;0;0.9230769;0.6666667;0;0;5.3333335;-;0;-;-;0;-;0
xerces;1.4.4;org.apache.xerces.impl.xpath.regex.REUtil;17;1;0;8;54;134;7;3;5;0.9375;867;0.0;1;0.0;0.2125;0;0;49.882355;1;1;365;0;0;-;2
xerces;1.4.4;org.apache.xerces.impl.xs.identity.Field;7;1;0;14;10;1;11;6;7;0.6666667;47;1.0;2;0.0;0.31428573;0;0;5.285714;1;1;226;0;0;-;9
xerces;1.4.4;org.apache.xerces.dom.RangeExceptionImpl;1;5;0;1;2;0;1;0;1;2.0;6;0.0;0;1.0;1.0;0;0;5.0;1;1;2;1;0;-;1
xerces;1.4.4;org.apache.xerces.dom.LCount;3;1;0;1;7;1;1;0;0;0.5;42;0.0;0;0.0;0.5;0;0;11.666667;1;1;7;1;0;-;2
xerces;1.4.4;org.apache.xerces.impl.xpath.regex.Token$StringToken;4;2;0;4;10;0;3;2;1;0.33333334;40;0.0;0;0.94;0.5833333;1;2;8.5;-;0;-;-;0;-;0
xerces;1.4.4;org.apache.xerces.impl.dv.xs.AnySimpleType;6;2;0;12;19;15;6;6;6;2.0;82;0.0;0;0.73333335;0.30952382;1;1;12.666667;1;1;115;0;0;-;1
xerces;1.4.4;org.apache.xerces.dom3.as.ASObject;12;1;0;8;12;66;8;1;12;1.0909091;18;0.0;0;0.0;0.375;0;0;0.0;1;1;124;0;0;-;1
xerces;1.4.4;org.apache.html.dom.HTMLAnchorElementImpl;27;4;0;2;35;351;0;2;27;2.0;171;0.0;0;0.78333336;0.37962964;0;0;5.3333335;0;0;-;1;0;-;2
xerces;1.4.4;org.apache.xerces.impl.xs.traversers.XSDAbstractTraverser;11;1;8;29;59;5;9;24;0;0.9266667;1209;0.8;5;0.0;0.21212122;0;0;107.545456;2;2;620;0;0;-;11
xerces;1.4.4;org.w3c.dom.traversal.DocumentTraversal;2;1;0;0;2;1;0;0;2;2.0;2;0.0;0;0.0;1.0;0;0;0.0;0;0;-;1;0;-;0
xerces;1.4.4;org.apache.xerces.dom.TextImpl;6;3;2;9;21;15;7;3;6;1.2;88;0.0;0;0.91525424;0.33333334;1;4;13.5;2;1;7;1;0;-;8
xerces;1.4.4;org.w3c.dom.Attr;5;1;0;0;5;10;0;0;5;2.0;5;0.0;0;0.0;0.6;0;0;0.0;0;0;-;1;0;-;0
xerces;1.4.4;org.apache.html.dom.HTMLDocumentImpl;34;3;0;59;83;541;55;9;29;0.969697;1017;0.8;5;0.73333335;0.28484848;2;4;28.617647;0;0;-;1;0;-;10
xerces;1.4.4;org.apache.xerces.impl.XMLDocumentScannerImpl;15;3;0;20;50;79;6;19;9;0.9880952;410;1.0;7;0.779661;0.20535715;2;14;24.733334;5;2;3386;0;0;-;18
xerces;1.4.4;org.apache.xerces.impl.dv.xs.DateTimeValidator;44;3;9;18;71;766;9;9;5;0.980897;1970;1.0;0;0.39130434;0.19318181;1;6;43.136364;2;1;1058;0;0;-;1
xerces;1.4.4;org.apache.xerces.impl.validation.ValidationState;14;1;0;9;26;21;5;4;13;0.75641024;159;1.0;3;0.0;0.35384616;0;0;9.928572;4;1;293;0;0;-;2
xerces;1.4.4;org.xml.sax.DTDHandler;2;1;0;0;2;1;0;0;2;2.0;2;0.0;0;0.0;1.0;0;0;0.0;0;0;-;1;0;-;0
xerces;1.4.4;org.apache.html.dom.HTMLTextAreaElementImpl;23;4;0;3;32;253;0;3;23;2.0;149;0.0;0;0.8103448;0.29565218;1;3;5.478261;0;0;-;1;0;-;2
xerces;1.4.4;org.apache.wml.dom.WMLCardElementImpl;19;4;0;3;24;171;0;3;19;2.0;107;0.0;0;0.82;0.39473686;1;6;4.631579;0;0;-;1;0;-;2
xerces;1.4.4;org.apache.wml.WMLTemplateElement;6;1;0;2;6;15;1;1;6;2.0;6;0.0;0;0.0;0.75;0;0;0.0;0;0;-;1;0;-;1
xerces;1.4.4;org.apache.xml.serialize.OutputFormat;48;1;0;12;63;912;10;2;48;0.90705484;598;1.0;1;0.0;0.22023809;0;0;11.0625;1;1;25;1;0;-;5
xerces;1.4.4;org.apache.xerces.impl.xs.XSGrammarResolver;6;1;0;6;16;0;5;1;6;0.0;108;1.0;1;0.0;0.5555556;0;0;16.666666;2;2;161;0;0;-;0
xerces;1.4.4;org.w3c.dom.html.HTMLDOMImplementation;1;1;0;0;1;0;0;0;1;2.0;1;0.0;0;0.0;1.0;0;0;0.0;0;0;-;1;0;-;0
xerces;1.4.4;org.apache.xerces.impl.xs.traversers.XSDKeyrefTraverser;2;3;0;11;14;1;1;11;1;2.0;155;0.0;0;0.9166667;0.5714286;0;0;76.5;1;1;141;0;0;-;2
xerces;1.4.4;org.apache.wml.dom.WMLGoElementImpl;13;4;0;3;16;78;0;3;13;2.0;72;0.0;0;0.87234044;0.53846157;1;4;4.5384617;0;0;-;1;0;-;2
xerces;1.4.4;org.apache.wml.dom.WMLPostfieldElementImpl;9;4;0;3;12;36;0;3;9;2.0;50;0.0;0;0.9111111;0.5555556;1;5;4.5555553;0;0;-;1;0;-;2
xerces;1.4.4;org.apache.html.dom.HTMLBuilder;11;1;0;5;37;0;0;5;11;0.71666664;332;1.0;3;0.0;0.3181818;0;0;28.636364;0;0;-;1;0;-;2
xerces;1.4.4;org.apache.xerces.impl.dv.dtd.DatatypeValidatorFactory;1;1;0;8;1;0;5;3;1;2.0;1;0.0;0;0.0;1.0;0;0;0.0;1;1;85;0;0;-;0
xerces;1.4.4;org.apache.xerces.parsers.XMLParser;3;1;2;5;6;1;2;3;1;1.1666666;35;1.0;1;0.0;0.5555556;0;0;9.666667;1;1;162;0;0;-;1
xerces;1.4.4;javax.xml.parsers.FactoryConfigurationError;6;3;0;0;11;0;0;0;6;0.0;52;1.0;0;0.8947368;0.5555556;1;1;7.5;1;1;75;1;0;-;0
xerces;1.4.4;org.apache.html.dom.HTMLTitleElementImpl;3;4;0;2;14;3;1;2;3;2.0;60;0.0;0;0.9791667;0.6666667;0;0;19.0;0;0;-;1;0;-;2
xerces;1.4.4;org.apache.xerces.impl.io.UTF8Reader;13;2;0;1;25;54;1;0;10;0.7916667;1273;0.8333333;0;0.47619048;0.35384616;1;2;96.46154;1;1;694;0;0;-;6
xerces;1.4.4;org.w3c.dom.html.HTMLTextAreaElement;23;1;0;0;23;253;0;0;23;2.0;23;0.0;0;0.0;0.3478261;0;0;0.0;0;0;-;1;0;-;0
xerces;1.4.4;org.apache.xerces.dom3.as.ASNamedObjectMap;8;1;0;3;8;28;2;1;8;2.0;8;0.0;0;0.0;0.46875;0;0;0.0;1;1;148;0;0;-;1
xerces;1.4.4;org.apache.xerces.impl.dv.dtd.ListDatatypeValidator;12;2;0;9;39;20;2;7;10;0.6262626;568;0.8888889;1;0.23076923;0.27380952;0;0;45.583332;1;1;337;0;0;-;2
xerces;1.4.4;org.w3c.dom.html.HTMLQuoteElement;2;1;0;0;2;1;0;0;2;2.0;2;0.0;0;0.0;0.75;0;0;0.0;0;0;-;1;0;-;0
xerces;1.4.4;org.w3c.dom.html.HTMLSelectElement;22;1;0;0;22;231;0;0;22;2.0;22;0.0;0;0.0;0.28181818;0;0;0.0;0;0;-;1;0;-;0
xerces;1.4.4;org.apache.xerces.dom.events.MutationEventImpl;7;2;0;2;9;1;1;1;7;0.9722222;70;0.0;1;0.6;0.31428573;0;0;7.285714;1;1;5;1;0;-;1
xerces;1.4.4;org.w3c.dom.html.HTMLFormElement;16;1;0;0;16;120;0;0;16;2.0;16;0.0;0;0.0;0.6875;0;0;0.0;0;0;-;1;0;-;0
xerces;1.4.4;org.apache.html.dom.HTMLMapElementImpl;4;4;0;3;8;6;0;3;4;1.0;32;1.0;1;0.96907216;0.5833333;0;0;6.75;0;0;-;1;0;-;3
xerces;1.4.4;org.apache.xerces.impl.XMLEntityManager$ExternalEntity;7;2;0;3;11;1;2;1;7;0.29166666;92;0.0;0;0.44444445;0.35714287;1;1;11.571428;-;0;-;-;0;-;0
xerces;1.4.4;org.apache.xerces.impl.dtd.XMLAttributeDecl;3;1;0;5;10;0;3;2;3;0.16666667;41;0.0;2;0.0;0.5;0;0;11.666667;1;1;107;0;0;-;1
xerces;1.4.4;org.apache.xerces.xni.XMLDocumentFragmentHandler;16;1;0;6;16;120;0;6;16;2.0;16;0.0;0;0.0;0.29464287;0;0;0.0;2;2;289;0;0;-;1
xerces;1.4.4;org.apache.xml.serialize.XHTMLSerializer;5;3;0;3;10;10;1;2;5;2.0;76;0.0;0;0.98550725;0.55;1;1;14.2;1;1;2;1;0;-;2
xerces;1.4.4;org.apache.wml.WMLImgElement;18;1;0;2;18;153;1;1;18;2.0;18;0.0;0;0.0;0.75;0;0;0.0;0;0;-;1;0;-;1
xerces;1.4.4;org.apache.html.dom.HTMLTableSectionElementImpl;14;4;0;5;29;91;2;4;12;1.0;172;1.0;1;0.8785047;0.35714287;0;0;11.214286;0;0;-;1;0;-;3
xerces;1.4.4;org.apache.xerces.impl.xs.SchemaNamespaceSupport;5;2;0;7;8;4;5;2;5;2.0;161;0.0;0;0.72727275;0.46666667;1;4;31.2;1;1;143;0;0;-;2
xerces;1.4.4;org.apache.xerces.impl.dtd.models.SimpleContentModel;2;1;0;3;7;0;1;2;2;0.6666667;381;0.6666667;2;0.0;0.5833333;0;0;186.5;1;1;372;0;0;-;1
xerces;1.4.4;org.apache.xerces.dom3.as.ASDataType;1;1;0;2;1;0;2;0;1;2.0;47;0.0;0;0.0;1.0;0;0;0.0;1;1;213;0;0;-;1
xerces;1.4.4;org.apache.xerces.parsers.CachingParserPool;7;1;0;8;16;0;0;8;7;0.6388889;113;0.6666667;2;0.0;0.35714287;0;0;14.285714;2;2;546;0;0;-;4
xerces;1.4.4;org.apache.xerces.dom.CoreDOMImplementationImpl;6;1;0;2;19;13;1;2;5;0.8;127;0.0;1;0.0;0.53333336;0;0;20.0;2;2;204;0;0;-;17
xerces;1.4.4;org.apache.xerces.impl.xs.traversers.XSDAttributeGroupTraverser;3;2;0;9;21;1;2;9;0;2.0;209;0.0;0;0.8333333;0.6111111;1;1;68.666664;2;2;199;0;0;-;4
xerces;1.4.4;org.apache.xerces.xni.XMLLocator;5;1;0;20;5;10;20;0;5;2.0;5;0.0;0;0.0;1.0;0;0;0.0;1;1;88;0;0;-;1
xerces;1.4.4;org.apache.xerces.impl.dv.xs.XSDatatypeException;5;3;2;2;7;10;2;0;5;2.0;20;0.0;0;0.9444444;0.6;0;0;3.0;1;1;80;0;0;-;1
xerces;1.4.4;org.apache.xerces.impl.dtd.models.CMStateSet;12;1;0;10;18;0;10;0;11;0.054545455;517;0.0;0;0.0;0.41666666;1;1;41.666668;1;1;338;0;0;-;2
xerces;1.4.4;javax.xml.parsers.DocumentBuilder;12;1;1;0;22;66;0;0;11;2.0;100;0.0;0;0.0;0.23809524;0;0;7.3333335;4;1;188;1;2;-;0
xerces;1.4.4;org.apache.html.dom.HTMLSelectElementImpl;23;4;0;5;41;253;0;5;23;0.95454544;183;1.0;1;0.8103448;0.24637681;1;1;6.9130435;0;0;-;1;0;-;3
xerces;1.4.4;org.apache.xerces.impl.dv.dtd.DatatypeMessageProvider;5;1;0;3;9;4;2;1;4;1.2;135;0.08;0;0.0;0.5;0;0;21.0;1;1;201;0;0;-;0
xerces;1.4.4;org.apache.xerces.impl.xs.traversers.XSDGroupTraverser;3;3;0;13;21;1;3;12;0;2.0;271;0.0;0;0.88235295;0.6111111;2;3;89.333336;1;1;216;0;0;-;8
xerces;1.4.4;org.apache.xerces.parsers.AbstractSAXParser;44;3;1;17;131;588;1;16;39;0.9255814;1328;1.0;7;0.5;0.10167464;3;6;28.84091;4;3;2008;0;0;-;14
xerces;1.4.4;org.apache.xerces.dom.DOMImplementationImpl;6;1;2;6;19;13;4;3;5;0.8;157;0.0;1;0.0;0.53333336;0;0;25.0;6;2;39;1;3;-;6
xerces;1.4.4;org.apache.xerces.impl.xs.util.HexBin;8;1;0;1;10;20;1;0;5;0.85714287;266;1.0;0;0.0;0.25;0;0;31.75;1;1;171;0;0;-;0
xerces;1.4.4;org.apache.xerces.impl.XMLDTDScannerImpl;36;2;0;21;124;134;1;20;11;0.8516129;3317;1.0;9;0.33333334;0.18730159;2;4;90.27778;9;3;2140;0;0;-;21
xerces;1.4.4;javax.xml.parsers.SAXParserFactory;9;1;1;0;14;24;0;0;8;0.75;48;1.0;0;0.0;0.4814815;0;0;4.111111;2;1;295;1;0;-;0
xerces;1.4.4;org.w3c.dom.Element;16;1;0;0;16;120;0;0;16;2.0;16;0.0;0;0.0;0.6458333;0;0;0.0;0;0;-;1;0;-;0
xerces;1.4.4;org.w3c.dom.html.HTMLFieldSetElement;1;1;0;0;1;0;0;0;1;2.0;1;0.0;0;0.0;1.0;0;0;0.0;0;0;-;1;0;-;0
xerces;1.4.4;org.apache.xerces.impl.XMLDocumentFragmentScannerImpl$FragmentContentDispatcher;6;1;1;10;36;9;2;9;1;0.6;415;1.0;1;0.0;0.375;0;0;68.0;-;0;-;-;0;-;0
xerces;1.4.4;org.apache.xerces.impl.xs.traversers.XSDSimpleTypeTraverser;7;2;0;19;40;9;4;16;0;0.6111111;953;1.0;1;0.625;0.30952382;0;0;134.71428;2;2;564;0;0;-;10
xerces;1.4.4;org.apache.xerces.impl.dv.xs.DatatypeMessageProvider;5;1;0;12;15;0;11;1;4;0.9632353;429;0.0882353;0;0.0;0.5;0;0;78.0;1;1;227;0;0;-;1
xerces;1.4.4;org.apache.xerces.impl.dv.xs.FloatDatatypeValidator;19;4;0;11;39;133;2;9;3;2.0;442;0.0;0;0.6530612;0.20574163;2;11;22.263159;1;1;282;0;0;-;1
xerces;1.4.4;org.apache.xerces.impl.xs.models.XSAllCM;6;1;0;7;12;0;1;6;6;0.6857143;334;1.0;1;0.0;0.3888889;0;0;53.5;2;2;266;0;0;-;6
xerces;1.4.4;org.apache.xerces.dom.DeferredDocumentImpl$IntVector;6;1;0;1;8;3;1;0;4;0.6;74;1.0;0;0.0;0.75;0;0;11.0;-;0;-;-;0;-;0
xerces;1.4.4;org.apache.wml.dom.WMLTemplateElementImpl;11;4;0;3;14;55;0;3;11;2.0;61;0.0;0;0.8913044;0.54545456;1;4;4.5454545;0;0;-;1;0;-;2
xerces;1.4.4;org.apache.html.dom.HTMLFrameSetElementImpl;5;4;0;2;8;10;0;2;5;2.0;28;0.0;0;0.9591837;0.6;0;0;4.6;0;0;-;1;0;-;2
xerces;1.4.4;org.w3c.dom.events.DocumentEvent;1;1;0;0;1;0;0;0;1;2.0;1;0.0;0;0.0;1.0;0;0;0.0;0;0;-;1;0;-;0
xerces;1.4.4;org.apache.xerces.dom3.ls.DOMWriter;12;1;0;3;12;66;2;1;12;2.0;12;0.0;0;0.0;0.31944445;0;0;0.0;1;1;417;0;0;-;0
xerces;1.4.4;org.w3c.dom.Document;17;1;0;0;17;136;0;0;17;2.0;17;0.0;0;0.0;0.45588234;0;0;0.0;2;2;332;1;2;-;1
xerces;1.4.4;org.apache.xerces.impl.Constants$ArrayEnumeration;3;1;0;1;5;0;1;0;3;0.25;42;1.0;0;0.0;0.6666667;0;0;12.333333;-;0;-;-;0;-;0
xerces;1.4.4;org.w3c.dom.Comment;0;1;0;0;0;0;0;0;0;2.0;0;0.0;0;0.0;0.0;0;0;0.0;0;0;-;1;0;-;0
xerces;1.4.4;org.apache.html.dom.HTMLPreElementImpl;3;4;0;2;8;3;0;2;3;2.0;20;0.0;0;0.9791667;0.5;0;0;5.6666665;0;0;-;1;0;-;2
xerces;1.4.4;org.apache.xerces.impl.xpath.regex.Token$ModifierToken;6;2;0;4;12;1;3;2;1;0.6;67;0.0;1;0.90384614;0.5555556;1;7;9.666667;-;0;-;-;0;-;0
xerces;1.4.4;org.apache.xerces.dom3.ls.DOMWriterFilter;1;1;0;0;1;0;0;0;1;2.0;1;0.0;0;0.0;1.0;0;0;0.0;1;1;34;0;0;-;0
xerces;1.4.4;org.apache.wml.WMLMetaElement;10;1;0;2;10;45;1;1;10;2.0;10;0.0;0;0.0;0.5;0;0;0.0;0;0;-;1;0;-;1
xerces;1.4.4;org.apache.xerces.impl.dv.xs.IDDatatypeValidator;5;4;0;11;17;10;6;5;5;2.0;80;0.0;0;0.90909094;0.31428573;0;0;15.0;1;1;135;0;0;-;1
xerces;1.4.4;org.apache.xerces.dom.DeferredDocumentTypeImpl;4;3;0;7;30;0;1;7;1;0.6666667;173;0.5;0;0.94736844;0.5;2;5;41.75;5;2;236;1;3;-;1
xerces;1.4.4;org.apache.xerces.parsers.AbstractXMLDocumentParser;42;2;3;13;47;855;3;10;40;0.9512195;115;1.0;0;0.046511628;0.20634921;1;1;1.7142857;2;2;626;0;0;-;2
xerces;1.4.4;javax.xml.parsers.ParserConfigurationException;2;3;0;0;4;1;0;0;2;2.0;9;0.0;0;1.0;0.75;0;0;3.5;1;1;75;1;0;-;0
xerces;1.4.4;org.apache.html.dom.HTMLTableElementImpl;36;4;0;6;58;630;1;6;35;1.0;471;1.0;2;0.72868216;0.21428572;0;0;12.027778;0;0;-;1;0;-;4
xerces;1.4.4;org.apache.xerces.dom3.ls.LSProgressEvent;3;1;0;1;3;3;0;1;3;2.0;3;0.0;0;0.0;1.0;0;0;0.0;1;1;44;0;0;-;0
xerces;1.4.4;org.apache.wml.WMLDOMImplementation;0;1;0;1;0;0;1;0;0;2.0;0;0.0;0;0.0;0.0;0;0;0.0;0;0;-;1;0;-;1
xerces;1.4.4;org.apache.wml.WMLUElement;2;1;0;2;2;1;1;1;2;2.0;2;0.0;0;0.0;0.75;0;0;0.0;0;0;-;1;0;-;1
xerces;1.4.4;org.apache.wml.WMLStrongElement;2;1;0;2;2;1;1;1;2;2.0;2;0.0;0;0.0;0.75;0;0;0.0;0;0;-;1;0;-;1
xerces;1.4.4;org.apache.xerces.xni.parser.XMLDTDContentModelSource;1;1;0;3;1;0;2;1;1;2.0;1;0.0;0;0.0;1.0;0;0;0.0;1;1;84;0;0;-;1
xerces;1.4.4;org.apache.xerces.dom.ElementNSImpl;6;3;1;3;21;3;2;2;4;0.9;196;0.5;0;0.94736844;0.6111111;3;3;31.0;3;2;11;1;1;-;17
xerces;1.4.4;org.apache.xerces.impl.xs.traversers.XSDUniqueOrKeyTraverser;2;3;0;11;11;1;2;10;1;2.0;81;0.0;0;0.9166667;0.5714286;0;0;39.5;1;1;119;0;0;-;2
xerces;1.4.4;org.apache.xerces.parsers.XMLGrammarParser;1;2;1;6;3;0;1;5;0;2.0;9;1.0;1;1.0;1.0;0;0;7.0;2;2;94;0;0;-;2
xerces;1.4.4;org.apache.xerces.xni.parser.XMLComponentManager;2;1;0;16;2;1;15;1;2;2.0;2;0.0;0;0.0;1.0;0;0;0.0;1;1;102;0;0;-;1
xerces;1.4.4;org.apache.xerces.dom.ParentNode;31;3;7;16;71;227;14;5;14;0.6;975;0.75;3;0.6329114;0.17921147;2;21;30.32258;6;1;449;1;0;-;12
xerces;1.4.4;org.apache.html.dom.HTMLHRElementImpl;9;4;0;2;15;36;0;2;9;2.0;52;0.0;0;0.92156863;0.41666666;0;0;4.7777777;0;0;-;1;0;-;2
xerces;1.4.4;org.apache.xerces.parsers.DTDXSParserConfiguration;6;4;0;13;16;13;2;11;4;0.9;82;1.0;1;0.95454544;0.5;2;2;12.333333;3;2;188;0;0;-;1
xerces;1.4.4;org.apache.xerces.dom.NodeImpl;63;1;3;22;79;1617;22;2;36;0.9565757;531;0.84615386;1;0.0;0.14761905;0;0;7.2222223;4;2;746;1;0;-;16
xerces;1.4.4;org.apache.xerces.dom.DeferredEntityImpl;4;3;0;5;16;0;1;5;1;0.6666667;93;0.5;0;0.9464286;0.5;2;7;21.75;6;2;199;1;4;-;3
xerces;1.4.4;org.apache.xerces.impl.xpath.regex.ParserForXMLSchema;39;2;0;10;72;277;1;9;2;1.0;804;1.0;0;0.5714286;0.18421052;1;10;19.461538;1;1;504;0;0;-;6
xerces;1.4.4;org.apache.xerces.impl.xs.XMLSchemaValidator$ValueStoreBase;13;1;3;14;45;32;5;10;10;0.75;439;1.0;4;0.0;0.24175824;0;0;32.307693;-;0;-;-;0;-;0
xerces;1.4.4;org.apache.xerces.dom3.as.DOMASException;1;4;0;5;2;0;5;0;1;2.0;13;0.0;0;1.0;1.0;0;0;7.0;1;1;51;0;0;-;1
xerces;1.4.4;org.w3c.dom.events.MutationEvent;6;1;0;0;6;15;0;0;6;1.2;9;0.0;0;0.0;0.33333334;0;0;0.0;0;0;-;1;0;-;0
xerces;1.4.4;org.apache.html.dom.NameNodeListImpl;2;2;0;4;10;1;1;3;1;2.0;76;0.0;0;0.75;0.625;2;2;37.0;0;0;-;1;0;-;1
xerces;1.4.4;org.apache.xerces.impl.dtd.models.CMUniOp;5;2;0;4;12;0;2;2;2;0.0;55;1.0;1;0.6666667;0.45;1;2;9.8;1;1;139;0;0;-;1
xerces;1.4.4;org.apache.xerces.xni.parser.XMLInputSource;15;1;0;17;16;35;17;0;15;0.77380955;111;1.0;0;0.0;0.43333334;0;0;6.0;1;1;276;0;0;-;1
xerces;1.4.4;org.xml.sax.helpers.NamespaceSupport;13;1;0;0;30;4;0;0;11;0.73333335;238;0.8;2;0.0;0.375;0;0;16.923077;0;0;-;1;0;-;0
xerces;1.4.4;org.apache.wml.dom.WMLFieldsetElementImpl;9;4;0;3;12;36;0;3;9;2.0;50;0.0;0;0.9111111;0.5555556;1;6;4.5555553;0;0;-;1;0;-;2
xerces;1.4.4;org.apache.xerces.impl.dv.xs.StringDatatypeValidator;9;3;3;11;19;16;6;5;5;0.5;283;1.0;0;0.76666665;0.26984128;3;8;30.333334;1;1;201;0;0;-;1
xerces;1.4.4;org.apache.xerces.impl.xs.util.XInt;5;1;0;10;7;0;10;0;4;0.0;32;1.0;0;0.0;0.46666667;0;0;5.2;1;1;88;0;0;-;1
xerces;1.4.4;org.apache.xerces.impl.dv.dtd.IDREFDatatypeValidator;14;2;0;10;38;71;3;7;10;0.71794873;219;1.0;2;0.2;0.21428572;0;0;14.214286;1;1;307;0;0;-;1
xerces;1.4.4;org.apache.xerces.impl.dv.xs.DatatypeValidator;7;1;0;52;7;21;49;3;7;1.1666666;26;0.0;0;0.0;0.39285713;0;0;0.0;1;1;141;0;0;-;1
xerces;1.4.4;org.apache.wml.dom.WMLTimerElementImpl;9;4;0;3;12;36;0;3;9;2.0;50;0.0;0;0.9111111;0.5555556;1;5;4.5555553;0;0;-;1;0;-;2
xerces;1.4.4;org.apache.xerces.dom3.as.CharacterDataEditAS;6;1;0;1;6;15;0;1;6;2.0;6;0.0;0;0.0;0.7222222;0;0;0.0;1;1;79;0;0;-;1
xerces;1.4.4;org.apache.wml.WMLGoElement;8;1;0;2;8;28;1;1;8;2.0;8;0.0;0;0.0;0.75;0;0;0.0;0;0;-;1;0;-;1
xerces;1.4.4;org.apache.xerces.impl.xpath.regex.Token$CharToken;4;2;0;3;14;0;3;1;1;0.0;150;0.0;0;0.94;0.875;1;2;36.25;-;0;-;-;0;-;0
xerces;1.4.4;org.w3c.dom.html.HTMLTableCellElement;29;1;0;0;29;406;0;0;29;2.0;29;0.0;0;0.0;0.37068966;0;0;0.0;0;0;-;1;0;-;0
xerces;1.4.4;org.apache.xerces.impl.dv.xs.DayDatatypeValidator;4;4;0;6;19;6;2;4;2;1.3333334;146;1.0;0;0.97183096;0.39285713;1;9;35.25;1;1;153;0;0;-;1
xerces;1.4.4;org.xml.sax.helpers.XMLReaderAdapter$AttributesAdapter;8;1;0;0;15;0;0;0;6;0.5714286;49;1.0;2;0.0;0.375;0;0;4.875;-;0;-;-;0;-;0
xerces;1.4.4;org.apache.wml.dom.WMLSmallElementImpl;7;4;0;3;10;21;0;3;7;2.0;39;0.0;0;0.9318182;0.5714286;1;6;4.571429;0;0;-;1;0;-;2
xerces;1.4.4;org.apache.xerces.impl.dv.xs.DateDatatypeValidator;3;4;0;6;11;3;2;4;2;2.0;53;0.0;0;0.98571426;0.42857143;1;7;16.666666;1;1;116;0;0;-;1
xerces;1.4.4;org.apache.xerces.impl.xs.identity.KeyRef;2;2;0;6;3;0;4;2;2;0.0;17;1.0;1;0.9166667;0.6666667;1;1;7.0;1;1;96;0;0;-;2
xerces;1.4.4;org.apache.xerces.xni.parser.XMLDTDScanner;3;1;0;9;3;3;5;4;3;2.0;3;0.0;0;0.0;0.6666667;0;0;0.0;1;1;136;0;0;-;2
xerces;1.4.4;org.w3c.dom.html.HTMLUListElement;4;1;0;0;4;6;0;0;4;2.0;4;0.0;0;0.0;0.5;0;0;0.0;0;0;-;1;0;-;0
xerces;1.4.4;org.apache.wml.dom.WMLTrElementImpl;5;4;0;3;8;10;0;3;5;2.0;28;0.0;0;0.95348835;0.6;1;4;4.6;0;0;-;1;0;-;2
xerces;1.4.4;org.apache.xerces.dom.CoreDocumentImpl;78;4;1;42;166;2643;39;21;49;0.9448052;1258;0.8333333;3;0.5197368;0.12905844;2;19;14.974359;6;2;1722;0;0;-;36
xerces;1.4.4;org.apache.wml.WMLOptionElement;8;1;0;2;8;28;1;1;8;2.0;8;0.0;0;0.0;0.75;0;0;0.0;0;0;-;1;0;-;1
xerces;1.4.4;org.w3c.dom.html.HTMLParamElement;8;1;0;0;8;28;0;0;8;2.0;8;0.0;0;0.0;0.75;0;0;0.0;0;0;-;1;0;-;0
xerces;1.4.4;org.apache.wml.WMLPElement;6;1;0;2;6;15;1;1;6;2.0;6;0.0;0;0.0;0.75;0;0;0.0;0;0;-;1;0;-;1
xerces;1.4.4;org.apache.xml.serialize.BaseMarkupSerializer;57;1;3;10;126;920;3;7;38;0.7714286;2036;0.93333334;4;0.0;0.13630229;0;0;34.45614;5;4;224;1;1;-;15
xerces;1.4.4;org.apache.xerces.impl.xs.traversers.XSDElementTraverser;6;2;0;22;48;5;2;21;0;0.93333334;706;0.6666667;2;0.6666667;0.375;1;2;116.166664;5;2;575;0;0;-;10
xerces;1.4.4;org.apache.html.dom.HTMLDirectoryElementImpl;3;4;0;2;6;3;0;2;3;2.0;17;0.0;0;0.9791667;0.5;0;0;4.6666665;0;0;-;1;0;-;2
xerces;1.4.4;org.apache.xerces.impl.dtd.XMLDTDValidator;66;1;0;38;230;489;1;37;49;0.93368703;3681;1.0;25;0.0;0.11674208;0;0;53.454544;2;1;2790;0;0;-;13
xerces;1.4.4;org.apache.xerces.impl.xs.XSAttributeDecl;5;1;0;12;6;0;11;1;5;1.025;76;0.2;1;0.0;0.6;0;0;12.2;3;2;115;0;0;-;7
xerces;1.4.4;org.apache.xerces.impl.dv.xs.DatatypeValidatorFactoryImpl;15;1;0;29;56;69;0;29;7;0.75;881;0.75;0;0.0;0.34166667;0;0;57.2;1;1;467;0;0;-;1
xerces;1.4.4;org.apache.xerces.impl.xs.XSMessageFormatter;2;1;0;2;11;0;1;1;2;0.6666667;86;0.6666667;0;0.0;0.625;0;0;40.5;1;1;130;0;0;-;1
xerces;1.4.4;org.apache.wml.WMLIElement;2;1;0;2;2;1;1;1;2;2.0;2;0.0;0;0.0;0.75;0;0;0.0;0;0;-;1;0;-;1
xerces;1.4.4;javax.xml.parsers.DocumentBuilderFactory;17;1;1;0;22;100;0;0;16;0.875;100;1.0;0;0.0;0.36764705;0;0;4.529412;4;1;336;1;2;-;0
xerces;1.4.4;org.apache.html.dom.HTMLBodyElementImpl;13;4;0;2;16;78;1;2;13;2.0;72;0.0;0;0.8867925;0.53846157;0;0;4.5384617;0;0;-;1;0;-;2
xerces;1.4.4;org.apache.xerces.impl.validation.ValidationManager;5;1;0;4;8;0;3;1;5;0.375;35;1.0;1;0.0;0.6;0;0;5.6;2;1;114;0;0;-;1
xerces;1.4.4;org.apache.xerces.impl.xs.XMLSchemaValidator$ValueStoreCache;11;1;0;11;41;0;2;11;11;0.66;347;1.0;1;0.0;0.3090909;0;0;30.09091;-;0;-;-;0;-;0
xerces;1.4.4;org.apache.xml.serialize.HTMLSerializer;18;2;1;7;82;119;2;5;11;0.5294118;1240;0.5;0;0.8235294;0.20855615;1;8;67.77778;2;2;601;1;0;-;5
xerces;1.4.4;org.apache.xerces.impl.xs.XSNotationDecl;1;1;0;4;2;0;4;0;1;2.0;20;0.0;0;0.0;1.0;0;0;15.0;1;1;78;0;0;-;6
xerces;1.4.4;org.apache.html.dom.HTMLIsIndexElementImpl;3;4;0;2;6;3;0;2;3;2.0;17;0.0;0;0.9791667;0.6666667;0;0;4.6666665;0;0;-;1;0;-;2
xerces;1.4.4;org.apache.xerces.impl.xpath.regex.RegexParser$ReferencePosition;1;1;0;1;2;0;1;0;0;2.0;12;0.0;0;0.0;1.0;0;0;9.0;-;0;-;-;0;-;0
xerces;1.4.4;org.apache.xerces.impl.xs.util.Base64;12;1;0;1;15;58;1;0;8;1.0378788;969;1.0;0;0.0;0.25;0;0;78.75;1;1;408;0;0;-;0
xerces;1.4.4;org.apache.wml.dom.WMLRefreshElementImpl;5;4;0;3;8;10;0;3;5;2.0;28;0.0;0;0.95348835;0.6;1;4;4.6;0;0;-;1;0;-;2
xerces;1.4.4;org.apache.xerces.impl.xpath.XPath$Tokens;9;1;0;4;24;10;3;1;8;1.0855263;1343;0.10526316;1;0.0;0.4375;0;0;141.88889;-;0;-;-;0;-;0
xerces;1.4.4;org.apache.wml.dom.WMLMetaElementImpl;15;4;0;3;20;105;0;3;15;2.0;84;0.0;0;0.8541667;0.4;1;4;4.6;0;0;-;1;0;-;2
xerces;1.4.4;org.apache.xerces.xni.parser.XMLDocumentSource;1;1;0;3;1;0;2;1;1;2.0;1;0.0;0;0.0;1.0;0;0;0.0;1;1;84;0;0;-;1
xerces;1.4.4;org.apache.html.dom.HTMLDivElementImpl;3;4;0;2;7;3;0;2;3;2.0;19;0.0;0;0.9791667;0.6666667;0;0;5.3333335;0;0;-;1;0;-;2
xerces;1.4.4;org.apache.xerces.impl.dtd.models.CMAny;9;2;0;4;18;0;2;2;3;0.625;118;1.0;0;0.5;0.3888889;1;2;11.777778;1;1;189;0;0;-;3
xerces;1.4.4;org.apache.xerces.impl.dv.xs.SchemaDateTimeException;2;4;0;10;4;1;10;0;2;2.0;9;0.0;0;1.0;0.75;0;0;3.5;1;1;69;0;0;-;2
xerces;1.4.4;org.apache.xerces.impl.xs.XMLSchemaValidator$XPathMatcherStack;9;1;0;3;16;0;1;2;8;0.45833334;108;1.0;2;0.0;0.4074074;0;0;10.666667;-;0;-;-;0;-;0
xerces;1.4.4;org.w3c.dom.CharacterData;8;1;0;0;8;28;0;0;8;2.0;8;0.0;0;0.0;0.6666667;0;0;0.0;0;0;-;1;0;-;0
xerces;1.4.4;org.w3c.dom.html.HTMLFrameSetElement;4;1;0;0;4;6;0;0;4;2.0;4;0.0;0;0.0;0.75;0;0;0.0;0;0;-;1;0;-;0
xerces;1.4.4;org.w3c.dom.html.HTMLHtmlElement;2;1;0;0;2;1;0;0;2;2.0;2;0.0;0;0.0;0.75;0;0;0.0;0;0;-;1;0;-;0
xerces;1.4.4;org.apache.xerces.dom.NotationImpl;7;2;1;4;12;15;3;2;7;0.9166667;80;0.75;0;0.88;0.52380955;1;4;9.857142;2;1;6;1;0;-;4
xerces;1.4.4;org.apache.xerces.impl.xs.XSDeclarationPool;6;1;0;7;12;15;2;5;6;2.0;29;0.0;0;0.0;1.0;0;0;3.8333333;1;1;101;0;0;-;2
xerces;1.4.4;org.apache.wml.dom.WMLHeadElementImpl;5;4;0;3;8;10;0;3;5;2.0;28;0.0;0;0.95348835;0.6;1;4;4.6;0;0;-;1;0;-;2
xerces;1.4.4;org.apache.xerces.impl.XMLDocumentScannerImpl$ContentDispatcher;5;2;0;6;11;0;1;6;0;0.0;64;1.0;1;0.5555556;0.46666667;1;2;11.6;-;0;-;-;0;-;0
xerces;1.4.4;org.apache.xerces.impl.dtd.models.MixedContentModel;2;1;0;3;4;0;1;2;2;0.0;288;1.0;1;0.0;0.8;0;0;140.5;1;1;286;0;0;-;1
xerces;1.4.4;org.apache.xerces.impl.xs.identity.UniqueOrKey;2;2;0;9;3;1;8;1;1;1.0;18;0.0;0;1.0;1.0;0;0;6.5;1;1;93;0;0;-;1
xerces;1.4.4;org.apache.xerces.impl.XMLScanner;18;1;2;14;68;0;2;12;7;0.88235295;1804;1.0;8;0.0;0.22727273;0;0;97.72222;6;3;1945;0;0;-;21
xerces;1.4.4;org.apache.xerces.impl.dtd.Grammar$TupleHashtable;4;1;0;1;8;0;1;0;2;1.0;318;1.0;0;0.0;0.75;0;0;77.75;-;0;-;-;0;-;0
xerces;1.4.4;org.apache.xml.serialize.Serializer;6;1;0;5;6;15;3;2;6;2.0;6;0.0;0;0.0;0.375;0;0;0.0;0;0;-;1;0;-;3
xerces;1.4.4;org.apache.html.dom.HTMLDListElementImpl;3;4;0;2;6;3;0;2;3;2.0;17;0.0;0;0.9791667;0.5;0;0;4.6666665;0;0;-;1;0;-;2
xerces;1.4.4;org.apache.xerces.xni.parser.XMLParseException;8;5;0;6;23;0;4;2;8;0.5714286;183;1.0;0;0.75;0.40625;1;1;21.25;1;1;192;0;0;-;1
xerces;1.4.4;org.w3c.dom.html.HTMLCollection;3;1;0;0;3;3;0;0;3;2.0;3;0.0;0;0.0;0.5555556;0;0;0.0;0;0;-;1;0;-;0
xerces;1.4.4;org.apache.html.dom.HTMLElementImpl;23;3;52;55;42;253;53;3;17;2.0;249;0.0;0;0.7659575;0.45652175;1;2;9.826087;0;0;-;1;0;-;4
xerces;1.4.4;org.w3c.dom.html.HTMLTitleElement;2;1;0;0;2;1;0;0;2;2.0;2;0.0;0;0.0;0.75;0;0;0.0;0;0;-;1;0;-;0
xerces;1.4.4;org.apache.xml.serialize.SerializerFactory;8;1;1;3;20;22;1;3;6;0.9285714;108;0.5;0;0.0;0.2857143;0;0;12.25;0;0;-;1;0;-;4
xerces;1.4.4;org.apache.html.dom.HTMLMetaElementImpl;9;4;0;2;12;36;0;2;9;2.0;50;0.0;0;0.92156863;0.5555556;0;0;4.5555553;0;0;-;1;0;-;2
xerces;1.4.4;org.apache.xerces.jaxp.DocumentBuilderImpl;10;2;0;5;32;21;1;4;7;0.9166667;190;0.625;3;0.6086956;0.26666668;1;1;17.2;8;2;345;1;2;-;8
xerces;1.4.4;org.apache.xerces.xni.XMLString;9;1;1;21;13;6;21;0;9;0.125;141;0.0;0;0.0;0.4;0;0;14.333333;1;1;230;0;0;-;1
xerces;1.4.4;org.apache.wml.WMLSelectElement;16;1;0;2;16;120;1;1;16;2.0;16;0.0;0;0.0;0.375;0;0;0.0;0;0;-;1;0;-;1
xerces;1.4.4;org.apache.xerces.xni.parser.XMLDocumentScanner;2;1;0;5;2;1;2;3;2;2.0;2;0.0;0;0.0;0.6666667;0;0;0.0;1;1;112;0;0;-;1
xerces;1.4.4;org.apache.html.dom.HTMLBRElementImpl;3;4;0;2;7;3;0;2;3;2.0;19;0.0;0;0.9791667;0.6666667;0;0;5.3333335;0;0;-;1;0;-;2
xerces;1.4.4;org.w3c.dom.html.HTMLScriptElement;14;1;0;0;14;91;0;0;14;2.0;14;0.0;0;0.0;0.5;0;0;0.0;0;0;-;1;0;-;0
xerces;1.4.4;org.apache.xerces.dom.ElementImpl;30;4;4;16;79;57;10;9;24;0.7356322;683;0.6666667;1;0.7383177;0.33333334;2;14;21.666666;5;1;109;1;1;-;21
xerces;1.4.4;org.apache.xerces.util.ErrorHandlerWrapper$1;6;1;0;2;7;7;1;1;5;0.8;39;1.0;0;0.0;0.44444445;0;0;4.8333335;-;0;-;-;0;-;0
xerces;1.4.4;org.w3c.dom.html.HTMLTableElement;34;1;0;0;34;561;0;0;34;2.0;34;0.0;0;0.0;0.28235295;0;0;0.0;0;0;-;1;0;-;0
xerces;1.4.4;org.w3c.dom.html.HTMLLabelElement;5;1;0;0;5;10;0;0;5;2.0;5;0.0;0;0.0;0.7;0;0;0.0;0;0;-;1;0;-;0
xerces;1.4.4;org.apache.xerces.impl.xs.models.XSCMUniOp;5;2;0;4;12;0;2;2;2;0.0;55;1.0;1;0.6666667;0.45;1;2;9.8;1;1;135;0;0;-;1
xerces;1.4.4;org.apache.xerces.dom.DeferredAttrImpl;4;3;0;4;12;0;1;4;1;0.6666667;58;0.5;0;0.95238096;0.5;2;7;13.0;4;1;184;1;2;-;2
xerces;1.4.4;org.apache.xerces.impl.xs.identity.XPathMatcher;15;1;2;26;41;37;7;19;12;0.82539684;870;1.0;4;0.0;0.18181819;0;0;55.8;1;1;693;0;0;-;10
xerces;1.4.4;org.w3c.dom.html.HTMLTableSectionElement;11;1;0;0;11;55;0;0;11;2.0;11;0.0;0;0.0;0.5151515;0;0;0.0;0;0;-;1;0;-;0
xerces;1.4.4;org.apache.xerces.dom3.ls.LSLoadEvent;2;1;0;1;2;1;0;1;2;2.0;2;0.0;0;0.0;1.0;0;0;0.0;1;1;35;0;0;-;0
xerces;1.4.4;org.apache.xerces.impl.xs.XSAttributeGroupDecl;7;1;0;15;16;0;8;7;6;0.7380952;440;0.14285715;2;0.0;0.26190478;0;0;60.857143;2;2;328;0;0;-;9
xerces;1.4.4;org.w3c.dom.html.HTMLBaseElement;4;1;0;0;4;6;0;0;4;2.0;4;0.0;0;0.0;0.75;0;0;0.0;0;0;-;1;0;-;0
xerces;1.4.4;org.w3c.dom.Text;1;1;0;0;1;0;0;0;1;2.0;1;0.0;0;0.0;1.0;0;0;0.0;0;0;-;1;0;-;0
xerces;1.4.4;org.apache.xerces.impl.XMLDocumentFragmentScannerImpl$Dispatcher;1;1;0;9;1;0;8;1;1;2.0;1;0.0;0;0.0;1.0;0;0;0.0;-;0;-;-;0;-;0
xerces;1.4.4;org.apache.xerces.impl.xpath.regex.Token$UnionToken;5;2;0;5;25;0;3;3;1;0.25;393;0.0;0;0.92156863;0.6;1;8;77.4;-;0;-;-;0;-;0
xerces;1.4.4;org.apache.xerces.dom.DocumentImpl;42;5;3;20;101;457;13;12;12;0.8327526;1394;0.71428573;1;0.8;0.16386555;4;18;32.02381;16;3;2689;1;6;-;15
xerces;1.4.4;org.apache.wml.dom.WMLEmElementImpl;7;4;0;3;10;21;0;3;7;2.0;39;0.0;0;0.9318182;0.5714286;1;6;4.571429;0;0;-;1;0;-;2
xerces;1.4.4;org.apache.xerces.impl.xs.XMLSchemaValidator;46;1;0;51;178;461;6;47;28;0.8979167;3157;0.375;21;0.0;0.15714286;0;0;66.23913;9;4;3116;0;0;-;62
xerces;1.4.4;org.apache.xerces.impl.xpath.regex.RegexParser;50;1;1;15;106;711;2;13;3;0.84981686;3177;0.07692308;0;0.0;0.19428572;0;0;61.76;1;1;1272;0;0;-;8
xerces;1.4.4;org.w3c.dom.html.HTMLTableRowElement;15;1;0;0;15;105;0;0;15;2.0;15;0.0;0;0.0;0.4888889;0;0;0.0;0;0;-;1;0;-;0
xerces;1.4.4;org.apache.xerces.dom.NodeIteratorImpl;13;1;0;1;24;8;1;1;9;0.6875;380;1.0;4;0.0;0.30769232;0;0;27.615385;1;1;8;1;0;-;2
xerces;1.4.4;org.apache.xerces.impl.XMLDocumentFragmentScannerImpl$ElementStack;4;1;0;2;8;0;1;1;4;0.33333334;105;1.0;1;0.0;0.75;0;0;24.75;-;0;-;-;0;-;0
xerces;1.4.4;org.apache.xml.serialize.Method;1;1;0;0;2;0;0;0;1;2.0;9;0.0;0;0.0;1.0;0;0;3.0;0;0;-;1;0;-;2
xerces;1.4.4;org.apache.xerces.impl.xs.traversers.XSDAbstractParticleTraverser;6;2;2;13;23;13;2;12;0;2.0;450;0.0;0;0.6666667;0.4814815;1;1;74.0;1;1;364;0;0;-;5
xerces;1.4.4;org.apache.html.dom.HTMLMenuElementImpl;3;4;0;2;6;3;0;2;3;2.0;17;0.0;0;0.9791667;0.5;0;0;4.6666665;0;0;-;1;0;-;2
xerces;1.4.4;org.w3c.dom.html.HTMLLegendElement;5;1;0;0;5;10;0;0;5;2.0;5;0.0;0;0.0;0.7;0;0;0.0;0;0;-;1;0;-;0
xerces;1.4.4;org.w3c.dom.html.HTMLBaseFontElement;6;1;0;0;6;15;0;0;6;2.0;6;0.0;0;0.0;0.75;0;0;0.0;0;0;-;1;0;-;0
xerces;1.4.4;org.apache.xerces.impl.xpath.regex.Token$ConcatToken;4;2;0;3;10;0;3;1;1;0.33333334;93;0.0;2;0.94;0.5833333;1;7;21.75;-;0;-;-;0;-;0
xerces;1.4.4;org.apache.xerces.dom3.as.DOMImplementationAS;3;1;0;3;3;3;0;3;3;2.0;3;0.0;0;0.0;0.6666667;0;0;0.0;1;1;47;0;0;-;2
xerces;1.4.4;org.apache.wml.dom.WMLBigElementImpl;7;4;0;3;10;21;0;3;7;2.0;39;0.0;0;0.9318182;0.5714286;1;6;4.571429;0;0;-;1;0;-;2
xerces;1.4.4;org.w3c.dom.traversal.NodeIterator;7;1;0;0;7;21;0;0;7;2.0;7;0.0;0;0.0;1.0;0;0;0.0;0;0;-;1;0;-;0
